,sentence,lambda,raw_aspect,aspect,sentiment
0,i recently purchased the canon powershot g3 and am extremely satisfied with the purchase . ,"CC(satisfied_VB_P_1(purchase_NN_N_0),purchased_VB_N_0(canon+powershot+g3_NN_N_0),i_LS_N_0)","['purchase_NN_N_0', 'powershot+g3_NN_N_0']","['purchase', 'powershot g3']","[0, 0]"
1,"after i took their picture with their camera , they offered to take a picture of us . ","camera_NN_N_0(took_VB_N_0(picture_NN_N_0),i_FW_N_0,offered_VB_N_0(take_VB_N_0(picture_NN_N_0),they_PRP_N_0))","['camera_NN_N_0', 'picture_NN_N_0', 'picture_NN_N_0']","['camera', 'picture', 'picture']","[0, 0, 0]"
2,they fired away and the picture turned out quite nicely . ( as all of my pictures have thusfar ) . ,"CC(have_VB_N_0(\x.x,\x.x,\X.turned_VB_N_0(X),picture_NN_N_0),fired_VB_N_0(they_PRP_N_0))",['picture_NN_N_0'],['picture'],[0]
3,a few of my work constituants owned the g2 and highly recommended the canon for picture quality . ,"CC(recommended_VB_P_1(seq(picture+quality_NN_N_0,canon_NN_N_0)),owned_VB_N_0(g2_NN_N_0),few_JJ_N_0)","['picture+quality_NN_N_0', 'canon_NN_N_0', 'g2_NN_N_0']","['picture quality', 'canon', 'g2']","[0, 0, 0]"
4,i 'm easily enlarging pictures to 8 1/2 x 11 with no visable loss in picture quality and not even using the best possible setting as yet ( super fine ) . ,"am_VB_N_0(CC(using_VB_N_0(seq(setting_NN_N_0)),seq(picture+quality_NN_N_0,loss_NN_Ne_0,x_NN_N_0(\x.x,enlarging_VB_N_0(pictures_NNS_N_0)))),i_FW_N_0)","['setting_NN_N_0', 'picture+quality_NN_N_0', 'x_NN_N_0']","['setting', 'picture quality', 'x']","[0, 0, 0]"
5,great job canon ! ,job+canon_NN_N_1,['job+canon_NN_N_1'],['job canon'],[0]
6,yep . ,yep_NN_N_0,['yep_NN_N_0'],['yep'],[0]
7,"this is my first digital camera , and what a ' toy ' it is ! ","is_VB_N_0(CC(is_VB_N_0(toy_NN_N_0,it_PRP_N_0),camera_NN_N_0),\x.x)","['toy_NN_N_0', 'camera_NN_N_0']","['toy', 'camera']","[0, 0]"
8,"just a little overview , powershot g3 is the flagship of canon 's powershot series and its an slr-like camera , its 4 megapixel and ( alsmost ) full manual control gives the pictures a touch of brilliance . ","CC(gives_VB_N_0(pictures_NNS_N_0,touch_NN_N_0,seq(alsmost_NN_N_0,manual+control_NN_N_0)),is_VB_N_0(CC(seq(megapixel_NN_N_0,camera_NN_N_0),flagship_NN_N_0),\x.x))","['touch_NN_N_0', 'alsmost_NN_N_0', 'manual+control_NN_N_0', 'megapixel_NN_N_0', 'camera_NN_N_0', 'flagship_NN_N_0']","['touch', 'alsmost', 'manual control', 'megapixel', 'camera', 'flagship']","[0, 0, 0, 0, 0, 0]"
9,"whether you are a novice or an expert , its ease of use and functionality goes together . ","are_VB_N_0(CC(expert_NN_N_0,novice_NN_N_0),you_PRP_N_0,\x.x)","['expert_NN_N_0', 'novice_NN_N_0']","['expert', 'novice']","[0, 0]"
10,"+ you can have different kind of lens if you want + flashes , etc. ","etc_FW_N_0(want_VB_N_0(flashes_NNS_N_0),you_PRP_N_0,have_VB_N_0(kind_NN_N_0),you_PRP_N_0)",['kind_NN_N_0'],['kind'],[0]
11,i am using kingston 512mb cf which works great and is very fast . ,"am_VB_N_0(using_VB_N_0(kingston+512mb+cf_NN_N_1),i_FW_N_0)",['512mb+cf_NN_N_1'],['512mb cf'],[0]
12,* main dial is not backlit . ,dial_NN_N_0,['dial_NN_N_0'],['dial'],[0]
13,* lens visible in optical viewfinder . ,viewfinder_NN_N_0(lens_NN_N_0),"['viewfinder_NN_N_0', 'lens_NN_N_0']","['viewfinder', 'lens']","[0, 0]"
14,"following my research , i decided on the g3 . ","g3_NN_N_0(\X.decided_VB_N_0(X),following_VB_N_0(research_NN_N_0),i_FW_N_0)","['g3_NN_N_0', 'research_NN_N_0']","['g3', 'research']","[0, 0]"
15,"in a word , "" awesome "" is how i would describe this camera . ","word_NN_N_0(is_VB_N_0(describe_VB_N_0(camera_NN_N_0,i_FW_N_0),awesome_JJ_P_1))","['word_NN_N_0', 'camera_NN_N_0']","['word', 'camera']","[0, 0]"
16,"with the automatic settings , i really have n't taken a bad picture yet . ","settings_NNS_N_0(taken_VB_N_0(picture_NN_N_1,i_FW_N_0))",['picture_NN_N_1'],['picture'],[0]
17,"i am absolutely in awe of this camera , canon put enormous quality into the g3 . ","am_VB_N_0(\x.x,i_FW_N_0)",[],[],[]
18,"do n't walk , run and buy this camera if you have the budget , i guarantee you will not be disappointed . ","have_VB_N_0(budget_NN_N_0,you_PRP_N_0,CC(buy_VB_N_0(camera_NN_N_0),walk_VB_N_0(run_NN_N_0)),guarantee_VB_P_1(be_VB_N_0(\X.disappointed_VB_Ne_1(X),you_PRP_N_0),i_FW_N_0))","['budget_NN_N_0', 'camera_NN_N_0', 'run_NN_N_0']","['budget', 'camera', 'run']","[0, 0, 0]"
19,i have taken hundreds of photos with it and i continue to be amazed by their quality . ,"CC(continue_VB_N_0(be_VB_N_0(quality_NN_N_0(\X.amazed_VB_P_1(X))),i_FW_N_0),have_VB_N_0(taken_VB_N_0(hundreds_NNS_N_0),i_LS_N_0))",['quality_NN_N_0'],['quality'],[0]
20,flaws ? ,flaws_NNS_Ne_1,[],[],[]
21,"despite this minor disappointment , i highly recommend the canon g3 anyone who is serious about digital photography . ","disappointment_NN_Ne_0(recommend_VB_P_1(seq(photography_NN_N_0,canon+g3+anyone_NN_N_0),i_FW_N_0))","['photography_NN_N_0', 'g3+anyone_NN_N_0']","['photography', 'g3 anyone']","[0, 0]"
22,the photo quality is amazing and i know i 'm going to have fun with all the features . ,"CC(know_VB_N_0(am_VB_N_0(going_VB_N_0(features_NNS_N_0(have_VB_N_0(fun_NN_P_1))),i_FW_N_0),i_FW_N_0),quality_NN_N_1)","['fun_NN_P_1', 'quality_NN_N_1']","['fun', 'quality']","[1, 0]"
23,"i 've figured out most of its features on my own already ( because i have used digital cameras before , so i know things like symbols ) . ","ve_FW_N_0(have_VB_N_0(know_VB_N_0(seq(symbols_NNS_N_0,things_NNS_N_0),i_FW_N_0,used_VB_N_0(cameras_NNS_N_0)),i_FW_N_0,figured_VB_N_0(most_JJ_N_0)),i_LS_N_0)",[],[],[]
24,"i 'm one of those people that can only concentrate on one screen at a time so i 've been having trouble paying attention to the little display panel on top , but that does n't stop me from loving this camera . ","CC(stop_VB_N_0(me_PRP_N_0,loving_VB_P_1(camera_NN_N_0),\x.x),am_VB_N_0(\x.x,i_LS_N_0))",['camera_NN_N_0'],['camera'],[0]
25,"the reason i rated it a four is because of that darn diopter adjustment dial. its very small and hard to turn so you can 't get an accurate adjustment ( for those of you who do n't know what a diopter adjustment is , it is to adjust the focus of the viewfinder to your eyesight . ) ","is_VB_N_0(\x.x,rated_VB_N_0(it_PRP_N_0,reason_NN_N_0,i_FW_N_0))",['reason_NN_N_0'],['reason'],[0]
26,i am going to have so much fun with this camera and when i learn more i will post a more accurate review . ,"CC(learn_VB_N_0(review_NN_N_1,i_FW_N_0),am_VB_N_0(going_VB_N_0(camera_NN_N_0(have_VB_N_0(fun_NN_P_0))),i_FW_N_0))","['review_NN_N_1', 'camera_NN_N_0', 'fun_NN_P_0']","['review', 'camera', 'fun']","[0, 0, 1]"
27,positives ,positives_NNS_P_1,[],[],[]
28,"1 ) slr like programming and exposure control gives you latitude to be creative , yet its progam and auto exposure settings provide excellent photos if you do n't want to bother with the settings . ","want_VB_N_0(bother_VB_Ne_1(settings_NNS_N_0),you_PRP_N_0,provide_VB_N_0(photos_NNS_N_1),CC(auto_NN_N_0,progam_NN_N_0,seq(exposure_NN_N_0,settings_NNS_N_0)),gives_VB_N_0(you_PRP_N_0,be_VB_N_0(latitude_NN_N_1),CC(exposure+control_NN_N_0,programming_NN_N_0,slr_NN_N_0)))","['auto_NN_N_0', 'progam_NN_N_0', 'exposure_NN_N_0', 'latitude_NN_N_1', 'exposure+control_NN_N_0', 'programming_NN_N_0', 'slr_NN_N_0']","['auto', 'progam', 'exposure', 'latitude', 'exposure control', 'programming', 'slr']","[0, 0, 0, 0, 0, 0, 0]"
29,excellent range of metering options as well . ,\x.x,[],[],[]
30,2 ) 4mp is about right for the target market of this camera ( semi-serious amateur photographer ) ,\x.x,[],[],[]
31,5 ) its focusing system is also very flexible . ,system_NN_N_2,['system_NN_N_2'],['system'],[0]
32,negatives ,negatives_NNS_Ne_1,[],[],[]
33,the camera has a wonderful set of features . ,"has_VB_N_0(set_NN_N_1,camera_NN_N_0)","['set_NN_N_1', 'camera_NN_N_0']","['set', 'camera']","[0, 0]"
34,the lcd screen pulls out and rotates in any direction for easy pictures . ,"CC(seq(pictures_NNS_N_1,direction_NN_N_0,\X.rotates_VB_N_0(X)),\X.pulls_VB_N_0(X),lcd+screen_NN_N_0)","['direction_NN_N_0', 'lcd+screen_NN_N_0']","['direction', 'lcd screen']","[0, 0]"
35,you can even take a picture of yourself while looking at the lcd . ,"looking_VB_N_0(lcd_NN_N_0,take_VB_N_0(picture_NN_N_0),you_PRP_N_0)","['lcd_NN_N_0', 'picture_NN_N_0']","['lcd', 'picture']","[0, 0]"
36,the optical zoom works great and the 14x digital zoom is a very nice addition although pictures at the highest digital zoom are a little blurry . ,"CC(seq(zoom_NN_N_0,pictures_NNS_N_1,is_VB_N_0(addition_NN_N_2),seq(14x_NN_N_0,zoom_NN_N_0)),zoom_NN_N_1)","['zoom_NN_N_0', 'addition_NN_N_2', '14x_NN_N_0', 'zoom_NN_N_0', 'zoom_NN_N_1']","['zoom', 'addition', '14x', 'zoom', 'zoom']","[0, 0, 0, 0, 0]"
37,the only two minor issues i have with the camera are the lens cap ( it is not very snug and can come off too easily ) and the lens itself ( it partially obstructs the view through the viewfinder but not views through the lcd ) . ,"are_VB_N_0(CC(CC(\x.x,viewfinder_NN_N_0(obstructs_VB_Ne_1(view_NN_N_0)),itself_PRP_N_0(lens_NN_N_0),it_PRP_N_0),it_PRP_N_0(CC(\X.come_VB_N_0(X),lens+cap_NN_N_0))),camera_NN_N_0(\X.have_VB_N_0(X),issues_NNS_Ne_0,i_FW_N_0))","['viewfinder_NN_N_0', 'view_NN_N_0', 'lens_NN_N_0', 'lens+cap_NN_N_0', 'camera_NN_N_0']","['viewfinder', 'view', 'lens', 'lens cap', 'camera']","[0, 0, 0, 0, 0]"
38,it is a fantastic camera and well worth the price . ,"is_VB_N_0(CC(\x.x,camera_NN_N_1),it_PRP_N_0)",['camera_NN_N_1'],['camera'],[0]
39,advanced photobugs will find more creative control than imaginable . ,"find_VB_N_0(control_NN_N_0,photobugs_NNS_N_1)",['control_NN_N_0'],['control'],[0]
40,newbies will find the full auto setting will give them perfect pictures right out of the box . ,"find_VB_N_0(give_VB_N_0(them_PRP_N_0,\x.x,auto+setting_NN_N_0),newbies_NNS_N_0)",['auto+setting_NN_N_0'],['auto setting'],[0]
41,4 megapixels is enough for anybody and the photo quality is awesome . ,"CC(quality_NN_N_1,megapixels_NNS_N_0)",['quality_NN_N_1'],['quality'],[0]
42,do n't get fooled by the 5 megapixel marketing hype . ,get_VB_N_0(megapixel+marketing+hype_NN_N_0(\X.fooled_VB_Ne_1(X))),['marketing+hype_NN_N_0'],['marketing hype'],[0]
43,"unless you want to print murals , you do n't need it . ","want_VB_N_0(print_VB_N_0(murals_NNS_N_0),you_PRP_N_0,need_VB_N_0(it_PRP_N_0,you_PRP_N_0))",[],[],[]
44,the extended zoom range and faster lense put it at the top of it 's class . ,"put_VB_N_0(it_PRP_N_0,top_NN_P_1,CC(lense_NN_N_1,zoom+range_NN_N_0))","['top_NN_P_1', 'lense_NN_N_1', 'zoom+range_NN_N_0']","['top', 'lense', 'zoom range']","[1, 0, 0]"
45,i expect the g3 will please me for years to come . ,"expect_VB_N_0(come_VB_N_0(years_NNS_N_0,please_VB_N_0(me_PRP_N_0),g3_NN_N_0),i_LS_N_0)",['g3_NN_N_0'],['g3'],[0]
46,i began taking pics as soon as i got this camera and am amazed at the quality of photos i have took simply by using the auto mode . ,"CC(am_VB_N_0(amazed_VB_P_1(have_VB_N_0(using_VB_N_0(auto+mode_NN_N_0,\X.took_VB_N_0(X)),quality_NN_N_0,i_FW_N_0))),began_VB_N_0(taking_VB_N_0(pics_NNS_N_0)),i_LS_N_0)","['auto+mode_NN_N_0', 'quality_NN_N_0']","['auto mode', 'quality']","[0, 0]"
47,absolutely breathtaking . ,breathtaking_JJ_P_1(absolutely_RB_I),[],[],[]
48,i was considering the olympus camedia c-5050 but was convinced to buy the g3 after visiting a store and holding it in my hands and trying it out . ,"CC(was_VB_N_0(convinced_VB_N_0(CC(CC(trying_VB_N_0(it_PRP_N_0),hands_NNS_N_0(holding_VB_N_0(it_PRP_N_0))),visiting_VB_N_0(store_NN_N_0),buy_VB_N_0(g3_NN_N_0)))),was_VB_N_0(considering_VB_N_0(olympus+camedia+c5050_NN_N_0)),i_LS_N_0)","['store_NN_N_0', 'g3_NN_N_0', 'camedia+c5050_NN_N_0']","['store', 'g3', 'camedia c5050']","[0, 0, 0]"
49,"the olympus is a bit clumsy-looking and the user-interface not as friendly as the canon , but one of the features that sold me on the g3 was the battery life - no other camera out there gives you the type of battery life as the canon g3 . ","CC(was_VB_N_0(battery+life_NN_N_0,\x.x,\x.x),is_VB_N_0(CC(userinterface_NN_N_0,bit+clumsylooking_NN_N_0),olympus_NN_N_0))","['battery+life_NN_N_0', 'userinterface_NN_N_0', 'bit+clumsylooking_NN_N_0', 'olympus_NN_N_0']","['battery life', 'userinterface', 'bit clumsylooking', 'olympus']","[0, 0, 0, 0]"
50,"i would recommend a larger compact-flash card , at least 128 mb . ","card_NN_N_0(\x.x,i_LS_N_0,mb_NN_N_0)","['card_NN_N_0', 'mb_NN_N_0']","['card', 'mb']","[0, 0]"
51,what else can you say about a camera that works for both of you ? ,"you_PRP_N_0(works_VB_P_1(camera_NN_N_0,\X.say_VB_N_0(X)))",['camera_NN_N_0'],['camera'],[0]
52,"at the same time , i wanted my wife to not be intimidated by knobs and buttons . ","time_NN_N_0(wanted_VB_N_0(wife_NN_N_0,be_VB_N_0(CC(buttons_NNS_N_0,knobs_NNS_N_0,\X.intimidated_VB_N_0(X))),i_FW_N_0))","['time_NN_N_0', 'wife_NN_N_0']","['time', 'wife']","[0, 0]"
53,"i recieved the camera , inserted a larger cf card , charged the battery , and handed it to my wife . ","CC(handed_VB_N_0(it_PRP_N_0,wife_NN_N_0),recieved_VB_N_0(inserted_VB_N_0(charged_VB_N_0(battery_NN_N_0,cf+card_NN_N_0),camera_NN_N_0)),i_LS_N_0)","['wife_NN_N_0', 'battery_NN_N_0', 'cf+card_NN_N_0', 'camera_NN_N_0']","['wife', 'battery', 'cf card', 'camera']","[0, 0, 0, 0]"
54,"i showed her how to turn it on , where the lens zoom lever is , and she loves it ! ","CC(loves_VB_P_1(it_PRP_N_0,she_PRP_N_0),showed_VB_N_0(\x.x,is_VB_N_0(seq(lens_NN_N_0,zoom+lever_NN_N_0),turn_VB_N_0(it_PRP_N_0)),i_LS_N_0))","['lens_NN_N_0', 'zoom+lever_NN_N_0']","['lens', 'zoom lever']","[0, 0]"
55,"this camera has canon 's great colorimetry , plus what you see in the lcd is what you get . ","CC(is_VB_N_0(\x.get_VB_N_0(x,you_PRP_N_0),\x.lcd_NN_N_0(\X.see_VB_N_0(X),x,you_PRP_N_0)),has_VB_N_0(canon_VB_N_0(colorimetry_NN_N_1),camera_NN_N_0))","['lcd_NN_N_0', 'colorimetry_NN_N_1', 'camera_NN_N_0']","['lcd', 'colorimetry', 'camera']","[0, 0, 0]"
56,the prints are beautiful ! ,prints_NNS_N_1,[],[],[]
57,"i tried out some other brands in the stores , and was disappointed by the battery life of the other company ; plus what you see in the lcd ( no optical finder ) is n't what you get - not even for color ; the output was less than i expected . ","CC(disappointed_VB_Ne_1(CC(\x.lcd_NN_N_0(is_VB_N_0(\x.color_NN_N_0(expected_VB_N_0(i_FW_N_0,output_NN_N_0),\X.get_VB_N_0(X),x,you_PRP_N_0),finder_NN_N_0),\X.see_VB_N_0(X),x,you_PRP_N_0),battery+life_NN_N_0)),stores_NNS_N_0(tried_VB_N_0(brands_NNS_N_0)),i_LS_N_0)","['lcd_NN_N_0', 'color_NN_N_0', 'output_NN_N_0', 'finder_NN_N_0', 'battery+life_NN_N_0']","['lcd', 'color', 'output', 'finder', 'battery life']","[0, 0, 0, 0, 0]"
58,this is a great camera for you ! ,"is_VB_N_0(you_PRP_N_0(camera_NN_N_1),\x.x)",['camera_NN_N_1'],['camera'],[0]
59,i can hand this to anyone and know they will take some great photos ! ,"CC(know_VB_N_0(take_VB_N_0(photos_NNS_N_1,they_PRP_N_0)),hand_VB_N_0(\x.x,anyone_NN_N_0),i_LS_N_0)",['anyone_NN_N_0'],['anyone'],[0]
60,"i love having the option to manually control the f-stop , shutter speed and even focus . ","love_NN_P_1(having_VB_N_0(CC(\X.focus_VB_N_0(X),control_VB_N_0(shutter+speed_NN_N_0),option_NN_N_0)),i_LS_N_0)","['love_NN_P_1', 'shutter+speed_NN_N_0', 'option_NN_N_0']","['love', 'shutter speed', 'option']","[1, 0, 0]"
61,"i was able to take great photos of the 4th of july fire works , and got some amazing shots of the kids playing with sparklers . ","CC(got_VB_N_0(shots_NNS_N_1),photos_NNS_N_0,i_LS_N_0)",[],[],[]
62,warning - i did read the manual ! ,"warning_VB_Ne_1(did_VB_N_0(read_VB_N_0(manual_NN_N_0),i_FW_N_0))",['manual_NN_N_0'],['manual'],[0]
63,it does n't do you any good if a camera has all the features but you can 't access them quickly when you need them ! ,"CC(t_NN_N_0(need_VB_N_0(them_PRP_N_0,you_PRP_N_0,\x.x),you_PRP_N_0),has_VB_N_0(features_NNS_N_0,camera_NN_N_0,good_JJ_P_1(do_VB_N_0(you_PRP_N_0)),it_PRP_N_0))","['t_NN_N_0', 'camera_NN_N_0']","['t', 'camera']","[0, 0]"
64,"you feel like you are holding something of substance , not some cheap plastic toy . ","feel_VB_N_0(are_VB_N_0(holding_VB_N_0(something_NN_N_0),you_PRP_N_0),you_PRP_N_0)",['something_NN_N_0'],['something'],[0]
65,"the more i work with it , the more i love it ! ","love_VB_P_1(it_PRP_N_0,i_FW_N_0)",[],[],[]
66,i did n't think i would find this quality and ease of use for under $ 1500 - i 'm thrilled with my purchase ! ,"think_VB_N_0(find_VB_N_0(CC(ease_NN_P_1,quality_NN_N_0),i_FW_N_0),i_LS_N_0)","['ease_NN_P_1', 'quality_NN_N_0']","['ease', 'quality']","[1, 0]"
67,four megapixels is great . ,megapixels_NNS_N_1,[],[],[]
68,"i know there are five mp cameras out there , but this thing does just fine for me . ","CC(me_PRP_N_0(thing_NN_N_1),know_VB_N_0(are_VB_N_0(seq(mp_NN_N_0,cameras_NNS_N_0),\x.x),i_FW_N_0))","['thing_NN_N_1', 'mp_NN_N_0']","['thing', 'mp']","[0, 0]"
69,"if you want , check out the canon website and they have some sample images , taken by this camera , for you to download . ","CC(you_PRP_N_0(\X.download_VB_N_0(X),have_VB_N_0(camera_NN_N_0(\X.taken_VB_N_0(X),seq(sample_NN_N_0,images_NNS_N_0))),they_PRP_N_0),want_VB_N_0(check_VB_N_0(canon+website_NN_N_0),you_PRP_N_0))","['camera_NN_N_0', 'sample_NN_N_0', 'canon+website_NN_N_0']","['camera', 'sample', 'canon website']","[0, 0, 0]"
70,"if you are looking for a very simple point and shoot camera , this is probably not what you are looking for . ","are_VB_N_0(looking_VB_N_0(CC(shoot_VB_N_0(camera_NN_N_0),point_NN_N_0)),you_PRP_N_0,is_VB_N_0(\x.are_VB_N_0(looking_VB_N_0(\x.x),x,you_PRP_N_0),\x.x))","['camera_NN_N_0', 'point_NN_N_0']","['camera', 'point']","[0, 0]"
71,it is a very amazing product . ,"is_VB_N_0(product_NN_N_2,it_PRP_N_0)",['product_NN_N_2'],['product'],[0]
72,i highly recommend it . ,"recommend_VB_P_1(it_PRP_N_0,i_LS_N_0)",[],[],[]
73,just received this camera two days ago and already love the features it has . ,"CC(love_VB_P_1(has_VB_N_0(features_NNS_N_0,it_PRP_N_0)),received_VB_N_0(camera_NN_N_0),just_RB_N)",['camera_NN_N_0'],['camera'],[0]
74,takes excellent photos . ,takes_VB_N_0(photos_NNS_N_1),[],[],[]
75,night mode is clear as day . ,day_NN_N_0(night+mode_NN_N_1),"['day_NN_N_0', 'night+mode_NN_N_1']","['day', 'night mode']","[0, 0]"
76,the only drawback is the viewfinder is slightly blocked by the lens . ,"is_VB_N_0(is_VB_N_0(lens_NN_N_0(\X.blocked_VB_N_0(X)),viewfinder_NN_N_0),drawback_NN_Ne_0)","['lens_NN_N_0', 'viewfinder_NN_N_0']","['lens', 'viewfinder']","[0, 0]"
77,"however , using the lcd seems to eliminate this minor problem . ","seems_VB_N_0(eliminate_VB_N_0(problem_NN_Ne_0),using_VB_N_0(lcd_NN_N_0))",['lcd_NN_N_0'],['lcd'],[0]
78,i give it 10 stars ! ,"give_VB_N_0(it_PRP_N_0,stars_NNS_N_0,i_LS_N_0)",[],[],[]
79,this camera has significantly more noise at iso 100 than the nikon 4500 . ,"iso_NN_N_0(\x.x,has_VB_N_0(\x.x),camera_NN_N_0)","['iso_NN_N_0', 'camera_NN_N_0']","['iso', 'camera']","[0, 0]"
80,i just bought the camera a few days ago . ,"days_NNS_N_0(bought_VB_N_0(camera_NN_N_0),i_LS_N_0)",['camera_NN_N_0'],['camera'],[0]
81,"before i "" get used to it "" , here are my first feelings : ","get_VB_N_0(used_VB_N_0(it_PRP_N_0),i_FW_N_0,are_VB_N_0(feelings_NNS_N_0))",[],[],[]
82,"b ) the lens cover is surely loose , i already accidently finger-printed the len a few times , and au lens tigt and cause potential damage . ","seq(b_NN_N_0,lens+cover_NN_N_1,CC(cause_VB_N_0(damage_NN_Ne_0),fingerprinted_VB_N_0(CC(seq(tigt_NN_N_0,au+lens_NN_N_0),seq(times_NNS_N_0,len_NN_N_0))),i_FW_N_0))","['b_NN_N_0', 'lens+cover_NN_N_1', 'tigt_NN_N_0', 'au+lens_NN_N_0', 'len_NN_N_0']","['b', 'lens cover', 'tigt', 'au lens', 'len']","[0, 0, 0, 0, 0]"
83,i wish canon would work out some way for that issue . ,"wish_NN_N_0(issue_NN_Ne_1(work_VB_P_1(way_NN_N_0),canon_NN_N_0),i_LS_N_0)","['wish_NN_N_0', 'way_NN_N_0', 'canon_NN_N_0']","['wish', 'way', 'canon']","[0, 0, 0]"
84,i bought this last week through amazon . ,"amazon_NN_N_0(bought_VB_N_0(week_NN_N_0),i_LS_N_0)","['amazon_NN_N_0', 'week_NN_N_0']","['amazon', 'week']","[0, 0]"
85,got a great deal from a reputable seller . ,"got_VB_N_0(seq(seller_NN_N_1,deal_NN_N_1))","['seller_NN_N_1', 'deal_NN_N_1']","['seller', 'deal']","[0, 0]"
86,i love this camera . ,"seq(love_NN_P_1,camera_NN_N_0,i_LS_N_0)","['love_NN_P_1', 'camera_NN_N_0']","['love', 'camera']","[1, 0]"
87,i am still trying to figure out the may options it has . ,"trying_VB_N_0(figure_VB_N_0(has_VB_N_0(options_NNS_N_0,it_PRP_N_0)),i_FW_N_0)",[],[],[]
88,has 4x optical zoom which is higher than any other in the same price range . ,"has_VB_N_0(price+range_NN_N_0(4x_NN_N_0,zoom_NN_N_0))","['price+range_NN_N_0', '4x_NN_N_0', 'zoom_NN_N_0']","['price range', '4x', 'zoom']","[0, 0, 0]"
89,it is generally overpriced a little bit but you get what you are paying for . ,"CC(get_VB_N_0(\x.are_VB_N_0(paying_VB_N_0(\x.x),x,you_PRP_N_0),you_PRP_N_0),bit_NN_N_0(\X.overpriced_VB_Ne_1(X),it_PRP_N_0))",['bit_NN_N_0'],['bit'],[0]
90,it was ( i sold it after a few months ) too expensive for the shots that i got . ,"was_VB_N_0(got_VB_N_0(shots_NNS_N_0,i_FW_N_0,months_NNS_N_2(sold_VB_N_0(it_PRP_N_0)),i_FW_N_0),it_PRP_N_0)",[],[],[]
91,i do n't think i was asking too much . ,"think_VB_N_0(was_VB_N_0(asking_VB_N_0(much_RB_N),i_FW_N_0),i_LS_N_0)",[],[],[]
92,any film zoom p and s would have given superior results with a minimal effort . ,"have_VB_N_0(effort_NN_N_0(given_VB_N_0(results_NNS_N_1)),film_NN_N_0(zoom_NN_N_0(CC(s_NNS_N_0,p_NN_N_0))))","['effort_NN_N_0', 'film_NN_N_0', 'zoom_NN_N_0', 'p_NN_N_0']","['effort', 'film', 'zoom', 'p']","[0, 0, 0, 0]"
93,i found that low light situations combined with any sort of action left this camera in the dust . ,"found_VB_N_0(dust_NN_Ne_1(left_VB_N_0(camera_NN_N_0),combined_VB_N_0(sort_NN_N_0,situations_NNS_N_0)),i_LS_N_0)","['camera_NN_N_0', 'sort_NN_N_0']","['camera', 'sort']","[0, 0]"
94,i wanted it to shoot concerts as well . ,"wanted_VB_N_0(it_PRP_N_0,shoot_VB_N_0(concerts_NNS_N_0),i_LS_N_0)",[],[],[]
95,that meant even less light and just as much action . ,"meant_VB_N_0(CC(action_NN_N_0,light_JJ_N_0),\x.x)",['action_NN_N_0'],['action'],[0]
96,the grain was terrible . ,grain_NN_N_1,['grain_NN_N_1'],['grain'],[0]
97,"when i took outdoor photos with plenty of light and the objects were n't moving , the photos were awesome . ","CC(moving_VB_N_0(objects_NNS_N_0),plenty_NN_N_0(took_VB_N_0(photos_NNS_N_0),i_FW_N_0),photos_NNS_N_1)",['plenty_NN_N_0'],['plenty'],[0]
98,the camera was a marvel . ,"was_VB_N_0(\X.marvel_VB_P_1(X),camera_NN_N_0)",['camera_NN_N_0'],['camera'],[0]
99,getting the printer to help output them was another tale . ,"was_VB_N_0(tale_NN_N_0,getting_VB_N_0(printer_NN_N_0,help_VB_N_0(output_NN_N_0(them_PRP_N_0))))","['tale_NN_N_0', 'printer_NN_N_0', 'output_NN_N_0']","['tale', 'printer', 'output']","[0, 0, 0]"
100,you do n't need the extra resolution or the cost . ,"need_VB_N_0(CC(cost_NN_N_0,resolution_NN_N_0),you_PRP_N_0)","['cost_NN_N_0', 'resolution_NN_N_0']","['cost', 'resolution']","[0, 0]"
101,"if you shoot in lots of light and desire high quality , this will be your camera . ","CC(seq(desire_NN_N_0,quality_NN_N_0),lots_NNS_N_0(\X.shoot_VB_N_0(X)),you_PRP_N_0,be_VB_N_0(camera_NN_N_0,\x.x))","['desire_NN_N_0', 'quality_NN_N_0', 'camera_NN_N_0']","['desire', 'quality', 'camera']","[0, 0, 0]"
102,it is versatile and seems to be one of the best . ,"CC(seems_VB_N_0(be_VB_N_0(\x.x)),versatile_JJ_P_1,it_PRP_N_0)",[],[],[]
103,"me , i am going with a leica minilux ( the g3 was replacing mine which was stolen ) . ","was_VB_N_0(replacing_VB_N_0(was_VB_N_0(\X.stolen_VB_Ne_1(X),mine_NN_N_0)),am_VB_N_0(seq(g3_NN_N_0,leica+minilux_NN_N_0,\X.going_VB_N_0(X)),me_PRP_N_0,i_FW_N_0))","['mine_NN_N_0', 'g3_NN_N_0', 'leica+minilux_NN_N_0']","['mine', 'g3', 'leica minilux']","[0, 0, 0]"
104,sure . ,fail_RB_N,[],[],[]
105,"it is less versatile , but i am never disappointed with the output . ","CC(disappointed_VB_P_1(output_NN_N_0,i_FW_N_0),versatile_JJ_P_1(it_PRP_N_0))",['output_NN_N_0'],['output'],[0]
106,"i have been watching the development of digicams for years , waiting to make my first move . ","have_VB_N_0(been_VB_N_0(waiting_VB_N_0(make_VB_N_0(move_NN_N_0),years_NNS_N_0,watching_VB_N_0(development_NN_N_0))),i_LS_N_0)","['move_NN_N_0', 'development_NN_N_0']","['move', 'development']","[0, 0]"
107,"what i really want is a $ 1,500 digital slr with a full frame sensor that will take my nikon lenses . ","is_VB_N_0(take_VB_N_0(seq(nikon_NN_N_0,lenses_NNS_N_0),frame+sensor_NN_N_0,slr_NN_N_0),\x.want_VB_N_0(x,i_FW_N_0))","['nikon_NN_N_0', 'frame+sensor_NN_N_0', 'slr_NN_N_0']","['nikon', 'frame sensor', 'slr']","[0, 0, 0]"
108,"the two limitations i knew i would have to deal with are the very long lag time before it focus-locks ( even in bright light ) , and the unsatisfactory light quality of the built-in flash . ","are_VB_N_0(focuslocks_VB_N_0(it_PRP_N_0,lag+time_NN_N_0),knew_VB_N_0(\x.have_VB_N_0(deal_VB_N_0(\x.x),x,i_FW_N_0),limitations_NNS_Ne_1,i_FW_N_0))",['lag+time_NN_N_0'],['lag time'],[0]
109,"as of this writing , technology has not solved the focus-lock lag time problem for point-and-shoot digicams and anyone who is satisfied with it simply has never used a modern film slr . ","CC(used_VB_N_0(film+slr_NN_N_1,is_VB_N_0(satisfied_VB_P_1(it_PRP_N_0),anyone_NN_N_0)),solved_VB_N_0(seq(pointandshoot_NN_N_0,digicams_NNS_N_0,seq(focuslock_NN_N_0,lag+time+problem_NN_N_0)),\x.x))","['film+slr_NN_N_1', 'anyone_NN_N_0', 'pointandshoot_NN_N_0', 'focuslock_NN_N_0', 'time+problem_NN_N_0']","['film slr', 'anyone', 'pointandshoot', 'focuslock', 'time problem']","[0, 0, 0, 0, 0]"
110,what makes the focus-lock lag time something i can live with is the extreme depth of field obtainable with these point and shoot digicams at f8 . ,"CC(f8_NN_N_0(shoot_VB_N_0(digicams_NNS_N_0)),is_VB_N_0(point_NN_N_0(depth_NN_N_1)),makes_VB_N_0(focuslock+lag+time_NN_N_0,live_VB_N_0(\x.x,something_NN_N_0,i_FW_N_0)))","['f8_NN_N_0', 'point_NN_N_0', 'depth_NN_N_1', 'lag+time_NN_N_0', 'something_NN_N_0']","['f8', 'point', 'depth', 'lag time', 'something']","[0, 0, 0, 0, 0]"
111,"for those who have this metz flash ( or the 45cl-3 ) and would like to get the absolute ultimate quality out of this g3 , the metz module you need is the sca 3102 and the connector cord is the sca 3000c . ","CC(like_VB_P_1(get_VB_N_0(quality_NN_N_0)),have_VB_N_0(CC(45cl3_NN_N_0,metz+flash_NN_N_0)),\x.x,CC(is_VB_N_0(sca_NN_N_0(\x.x),connector+cord_NN_N_0),is_VB_N_0(sca_NN_N_0(\x.x),need_VB_N_0(metz+module_NN_N_0,you_PRP_N_0))))","['quality_NN_N_0', '45cl3_NN_N_0', 'metz+flash_NN_N_0', 'sca_NN_N_0', 'connector+cord_NN_N_0', 'sca_NN_N_0', 'metz+module_NN_N_0']","['quality', '45cl3', 'metz flash', 'sca', 'connector cord', 'sca', 'metz module']","[0, 0, 0, 0, 0, 0, 0]"
112,"contrary to what ive read elsewhere , the g3 does sync at 1/250 of a second with third-party flashes , just as it does with the dedicated flashes from canon . ","does_VB_N_0(seq(canon_NN_N_0,flashes_NNS_N_1,\X.does_VB_N_0(X),it_PRP_N_0,sync_NN_N_0(\x.x)),contrary_JJ_N_0(\x.read_VB_N_0(x,ive_RB_N)))","['canon_NN_N_0', 'sync_NN_N_0']","['canon', 'sync']","[0, 0]"
113,"the g3 completely takes over controlling the duration of the metz flash , and most of the time , the exposure is spot on and when it isnt , its because youve exceeded the range of the metz flash itself . ","takes_VB_N_0(controlling_VB_N_0(CC(duration_NN_N_0)),g3_NN_N_0)","['duration_NN_N_0', 'g3_NN_N_0']","['duration', 'g3']","[0, 0]"
114,"this might happen if you get too close to the subject and you are not bounce-flashing , or if you are bounce flashing and the walls are simply too far away . ","CC(CC(\x.x,are_VB_N_0(bounce_VB_N_0(\X.flashing_VB_N_0(X)),you_PRP_N_0)),CC(bounceflashing_VB_N_0(you_PRP_N_0),seq(close_JJ_N_0,subject_JJ_N_0,you_PRP_N_0)),\X.happen_VB_N_0(X),\x.x)",[],[],[]
115,the second problem is solved by more direct lighting from the metz ( with the attendant shadows unfortunately ) . ,"is_VB_N_0(shadows_NNS_N_0(metz_NN_N_0(seq(lighting_NN_N_0)),\X.solved_VB_N_0(X)),problem_NN_Ne_0)","['metz_NN_N_0', 'lighting_NN_N_0']","['metz', 'lighting']","[0, 0]"
116,the results are shadow-free images that look as if theyve been exposed with the gentlest natural light you could imagine . ,"are_VB_N_0(look_VB_N_0(images_NNS_N_0),results_NNS_N_0)",[],[],[]
117,i believe this is enabled by a second file that comes out of the camera that stores all this information . ,"believe_VB_N_0(is_VB_N_0(seq(stores_NNS_N_0,information_NN_N_0,comes_VB_N_0(file_NN_N_0),\X.enabled_VB_N_0(X)),\x.x),i_LS_N_0)","['information_NN_N_0', 'file_NN_N_0']","['information', 'file']","[0, 0]"
118,i didnt wait to experiment . ,"didnt_FW_N_0(wait_VB_N_0(experiment_NN_N_0),i_FW_N_0)",['experiment_NN_N_0'],['experiment'],[0]
119,what this plug-in reveals is the truly stunning quality of the raw g3 hardware . ,"is_VB_N_0(quality_NN_N_1,\x.reveals_VB_N_0(x,plugin_NN_N_0))","['quality_NN_N_1', 'plugin_NN_N_0']","['quality', 'plugin']","[0, 0]"
120,the adobe camera raw plug-in shows once again that hardware is miles ahead of software . ,"shows_VB_N_0(is_VB_N_0(\x.x,hardware_NN_N_0),adobe_NN_N_0(seq(camera_NN_N_0,plugin_NN_N_0)))","['hardware_NN_N_0', 'adobe_NN_N_0', 'camera_NN_N_0', 'plugin_NN_N_0']","['hardware', 'adobe', 'camera', 'plugin']","[0, 0, 0, 0]"
121,what the g3 raw image software gives you is a fantasy world designed to please the uncritical . ,"is_VB_N_0(designed_VB_N_0(please_VB_N_0(fantasy+world_NN_N_0)),\x.gives_VB_N_0(you_PRP_N_0,x,seq(g3_NN_N_0,image+software_NN_N_0)))","['fantasy+world_NN_N_0', 'g3_NN_N_0', 'image+software_NN_N_0']","['fantasy world', 'g3', 'image software']","[0, 0, 0]"
122,"i am stunned and amazed at the quality of the raw images i am getting from this g3 ( in conjunction with my professional flash system ) , and can easily put up with the cameras limitations , because ive never seen anything better within its resolution limits . ","CC(seq(resolution_NN_N_0,limits_NNS_Ne_1,seen_VB_N_0(anything_NN_N_1),cameras_NNS_N_0,limitations_NNS_Ne_0),am_VB_N_0(quality_NN_N_0(CC(\X.amazed_VB_P_1(X),stunned_JJ_P_1))),i_FW_N_0)","['resolution_NN_N_0', 'anything_NN_N_1', 'quality_NN_N_0']","['resolution', 'anything', 'quality']","[0, 0, 0]"
123,"i 've had this for 3 months now , and i am pleased with my decision . ","CC(pleased_VB_P_1(decision_NN_N_0,i_FW_N_0),ve_FW_N_0(months_NNS_N_0(had_VB_N_0(\x.x)),i_FW_N_0))",['decision_NN_N_0'],['decision'],[0]
124,this is the perfect camera for a photo hobbiest who wants to have easy point and shoot ability as well . ,"is_VB_N_0(wants_VB_N_0(CC(seq(shoot_NN_N_0,ability_NN_N_0),have_VB_N_0(point_NN_N_1)),photo+hobbiest_NN_N_0,camera_NN_N_1),\x.x)","['shoot_NN_N_0', 'ability_NN_N_0', 'point_NN_N_1', 'photo+hobbiest_NN_N_0', 'camera_NN_N_1']","['shoot', 'ability', 'point', 'photo hobbiest', 'camera']","[0, 0, 0, 0, 0]"
125,my girlfriend loved using this camera so much as a point and shoot that i had to pry it out of her hands most of the time . ,"CC(shoot_VB_N_0(had_VB_N_0(camera_NN_N_0)),girlfriend_NN_N_0)","['camera_NN_N_0', 'girlfriend_NN_N_0']","['camera', 'girlfriend']","[0, 0]"
126,"battery life , the drawback to most digital cameras , to quote k. reeves . ","quote_VB_N_0(seq(k_NN_N_0,reeves_NNS_N_0),\x.x,seq(drawback_NN_Ne_1,battery+life_NN_N_0))","['k_NN_N_0', 'battery+life_NN_N_0']","['k', 'battery life']","[0, 0]"
127,whoa . ,whoa_NN_P_1,['whoa_NN_P_1'],['whoa'],[1]
128,"i did a good month 's worth of research before buying this over other similar priced digital cameras , and this is the best buy for the buck . ","CC(is_VB_N_0(seq(buck_NN_N_0,buy_NN_N_1),\x.x),cameras_NNS_N_0(buying_VB_N_0(\x.x),did_VB_N_0(worth_NN_P_1(\x.x,month_NN_N_1)),i_LS_N_0))","['buck_NN_N_0', 'buy_NN_N_1', 'worth_NN_P_1', 'month_NN_N_1']","['buck', 'buy', 'worth', 'month']","[0, 0, 1, 0]"
129,"or save time and just do it , you won't regret it . ","CC(CC(do_VB_N_0(it_PRP_N_0),save_VB_N_0(time_NN_N_0)),wonot_VB_N_0(regret_VB_Ne_1(it_PRP_N_0),you_PRP_N_0))",['time_NN_N_0'],['time'],[0]
130,"after reading the very positive review of this camera in a leading consumer magazine , i decided to head here , to amazon , to read through the online reviews . ","consumer+magazine_NN_N_1(reading_VB_N_0(review_NN_N_2),decided_VB_N_0(reviews_NNS_N_0(\X.read_VB_N_0(X),\X.amazon_VB_N_0(X),\X.head_VB_N_0(X)),i_FW_N_0))","['consumer+magazine_NN_N_1', 'review_NN_N_2']","['consumer magazine', 'review']","[0, 0]"
131,"the objections of the naysayers almost caused me to purchase a different camera , but , in the end , i figured i 'd give the g3 a try . ","CC(end_NN_N_0(figured_VB_N_0(d_FW_N_0(give_VB_N_0(g3_NN_N_0,try_NN_N_0),i_FW_N_0),i_FW_N_0)),caused_VB_N_0(me_PRP_N_0,purchase_VB_N_0(camera_NN_N_0),objections_NNS_Ne_1))","['end_NN_N_0', 'g3_NN_N_0', 'try_NN_N_0', 'camera_NN_N_0']","['end', 'g3', 'try', 'camera']","[0, 0, 0, 0]"
132,i 'm very glad i did . ,"glad_JJ_P_2(did_VB_N_0(i_FW_N_0),i_FW_N_0)",[],[],[]
133,the camera arrived on time and in perfect condition . ,"CC(condition_NN_N_1,time_NN_N_0,\X.arrived_VB_N_0(X),camera_NN_N_0)","['condition_NN_N_1', 'time_NN_N_0', 'camera_NN_N_0']","['condition', 'time', 'camera']","[0, 0, 0]"
134,"having used it for more than a month , i can say that it consistently produces topnotch photos . ","having_VB_N_0(month_NN_N_0(\x.x,used_VB_N_0(it_PRP_N_0)),say_VB_N_0(produces_VB_N_0(photos_NNS_N_1,it_PRP_N_0),i_FW_N_0))",['month_NN_N_0'],['month'],[0]
135,-- an event that involves dogs running and jumping hurdles . ,"involves_VB_N_0(CC(\X.jumping_VB_N_0(X),\X.running_VB_N_0(X),hurdles_NNS_N_0,dogs_NNS_N_0),event_NN_N_0)",['event_NN_N_0'],['event'],[0]
136,"the camera is a dream to operate in automode , but also gives tremendous flexibility in aperture priority , shutter priority , and manual modes . ","CC(aperture_NN_N_0(priority_NN_N_0(shutter_NN_N_0(CC(modes_NNS_N_0,priority_NN_N_0))),gives_VB_N_0(flexibility_NN_P_0)),is_VB_N_0(automode_NN_N_0(\X.operate_VB_N_0(X),dream_NN_N_0)),camera_NN_N_0)","['aperture_NN_N_0', 'priority_NN_N_0', 'shutter_NN_N_0', 'priority_NN_N_0', 'flexibility_NN_P_0', 'automode_NN_N_0', 'dream_NN_N_0', 'camera_NN_N_0']","['aperture', 'priority', 'shutter', 'priority', 'flexibility', 'automode', 'dream', 'camera']","[0, 0, 0, 0, 1, 0, 0, 0]"
137,about the only legitimate criticsm from the online reviews is that fact that the lens really does obstruct the viewfinder . ,"is_VB_N_0(fact_NN_N_0(does_VB_N_0(obstruct_VB_Ne_1(viewfinder_NN_N_0),lens_NN_N_0)),seq(reviews_NNS_N_0,criticsm_NN_N_0))","['fact_NN_N_0', 'viewfinder_NN_N_0', 'lens_NN_N_0', 'criticsm_NN_N_0']","['fact', 'viewfinder', 'lens', 'criticsm']","[0, 0, 0, 0]"
138,this effect is increased when one buys and uses a telephoto doubler . ,"is_VB_N_0(CC(\X.uses_VB_N_0(X),\X.buys_VB_N_0(X),telephoto+doubler_NN_N_0,\x.x,\X.increased_VB_N_0(X)),effect_NN_N_0)","['telephoto+doubler_NN_N_0', 'effect_NN_N_0']","['telephoto doubler', 'effect']","[0, 0]"
139,i always shoot using the lcd panel . ,"shoot_VB_N_0(using_VB_N_0(lcd+panel_NN_N_0),i_LS_N_0)",['lcd+panel_NN_N_0'],['lcd panel'],[0]
140,i can 't write enough positive things about this great little camera ! ,"t_NN_N_0(write_VB_N_0(camera_NN_N_1(\x.x)),i_LS_N_0)","['t_NN_N_0', 'camera_NN_N_1']","['t', 'camera']","[0, 0]"
141,"being a great fan of the g2 i set out with g3 with a somewhat negative expectation , difficult as it is to improve drastically on something already as ' perfect ' as the powershot g2 . ","being_VB_N_0(fan_NN_N_1,\x.is_VB_N_0(something_NN_N_0(\X.improve_VB_P_1(X)),it_PRP_N_0,expectation_NN_N_1(g3_NN_N_0(\X.set_VB_N_0(X))),x,i_FW_N_0),g2_NN_N_0)","['fan_NN_N_1', 'something_NN_N_0', 'expectation_NN_N_1', 'g3_NN_N_0', 'g2_NN_N_0']","['fan', 'something', 'expectation', 'g3', 'g2']","[0, 0, 0, 0, 0]"
142,some of the great gains over g2 -- ,\x.x,[],[],[]
143,"2 . battery life is over 4.5 hours , compared to about 2.5 hours for the g2 or the 2 hours for most nikons . ","compared_VB_N_0(CC(seq(nikons_NNS_N_0,hours_NNS_N_0),g2_NN_N_0,hours_NNS_N_0),is_VB_N_0(hours_NNS_N_0),battery+life_NN_N_0)","['g2_NN_N_0', 'battery+life_NN_N_0']","['g2', 'battery life']","[0, 0]"
144,a big plus in my book . ,book_NN_N_0(CC(big_JJ_N_0)),['book_NN_N_0'],['book'],[0]
145,"5 . the 1/200 sec , f5.6 + nd filter for highly exposed ( or very brightly lit ) environments . ","CC(\X.lit_VB_N_0(X),\X.exposed_VB_N_0(X),environments_NNS_N_0,seq(sec_NN_N_0,f56+nd+filter_NN_N_0,\x.x))","['sec_NN_N_0', 'nd+filter_NN_N_0']","['sec', 'nd filter']","[0, 0]"
146,the light auto-correction is awesome . ,autocorrection_NN_N_1,['autocorrection_NN_N_1'],['autocorrection'],[0]
147,you could take a picture of a stone glinting in the sun and still avoid the shining glaze and get the contours right . ,"CC(CC(get_VB_N_0(right_NN_P_0),avoid_VB_N_0(shining_VB_N_0(\X.glaze_VB_N_0(X)))),take_VB_N_0(picture_NN_N_0),you_PRP_N_0)","['right_NN_P_0', 'picture_NN_N_0']","['right', 'picture']","[1, 0]"
148,"there are six default settings ( off , vivid , sepia , neutral , low sharpening , b & w ) as well as a ' custom effect ' that allows you to control sharpening , contrast and saturation . ","are_VB_N_0(allows_VB_N_0(you_PRP_N_0,control_VB_N_0(sharpening_VB_N_0(CC(saturation_NN_N_0,contrast_NN_N_0))),custom+effect_NN_N_0,seq(sepia_NN_N_1,b_NN_N_0,seq(default_NN_N_0,settings_NNS_N_0),w_NN_N_0)),\x.x)","['saturation_NN_N_0', 'contrast_NN_N_0', 'custom+effect_NN_N_0', 'sepia_NN_N_1', 'b_NN_N_0', 'default_NN_N_0', 'w_NN_N_0']","['saturation', 'contrast', 'custom effect', 'sepia', 'b', 'default', 'w']","[0, 0, 0, 0, 0, 0, 0]"
149,7 . a new photostich software for stiching your pics into a panoramic view . ,"stiching_VB_N_0(pics_NNS_N_0,view_NN_N_1,photostich+software_NN_N_0(\x.x))","['view_NN_N_1', 'photostich+software_NN_N_0']","['view', 'photostich software']","[0, 0]"
150,i can of course buy such a tool off the shelves separately but helps if it comes with my camera . ,"CC(comes_VB_N_0(camera_NN_N_0,it_PRP_N_0,\X.helps_VB_N_0(X)),shelves_NNS_N_0(buy_VB_N_0(tool_NN_N_0)),i_LS_N_0)","['camera_NN_N_0', 'tool_NN_N_0']","['camera', 'tool']","[0, 0]"
151,"( looks quite neat too suggesting that canon may have , er , canonized it a bit ). ","suggesting_VB_N_0(have_VB_N_0(er_NN_N_0,bit_NN_N_0(canonized_VB_N_0(it_PRP_N_0)),canon_NN_N_0),neat_JJ_P_1(\X.looks_VB_N_0(X)))","['er_NN_N_0', 'bit_NN_N_0', 'canon_NN_N_0']","['er', 'bit', 'canon']","[0, 0, 0]"
152,"8 . perhaps inspired by the canon 's factory white-correction settings ( which were found lacking and had to be altered by a user before the white edges from buildings etc could be cleaned out ) , the g3 has much sharper white offsets . ","has_VB_N_0(seq(offsets_NNS_N_1),CC(had_VB_N_0(be_VB_N_0(be_VB_N_0(g3_NN_N_0(\X.cleaned_VB_N_0(X)),etc_FW_N_0(buildings_NNS_N_0,edges_NNS_N_0),user_NN_N_0(\X.altered_VB_N_0(X))))),were_VB_N_0(found_VB_N_0(\X.lacking_VB_Ne_1(X))),canon_NN_N_0(factory_NN_N_0(seq(whitecorrection_NN_N_0,settings_NNS_N_0))),\X.inspired_VB_N_0(X),\x.x))","['g3_NN_N_0', 'user_NN_N_0', 'canon_NN_N_0', 'factory_NN_N_0', 'whitecorrection_NN_N_0']","['g3', 'user', 'canon', 'factory', 'whitecorrection']","[0, 0, 0, 0, 0]"
153,"9 . in dim lit environs the g2 could easily outperform any other camera , and thankfully g3 maintains this rep . ","CC(maintains_VB_N_0(rep_NN_N_0,\x.x),environs_NNS_N_1(\x.x,outperform_VB_P_1(camera_NN_N_0,g2_NN_N_0)))","['rep_NN_N_0', 'camera_NN_N_0', 'g2_NN_N_0']","['rep', 'camera', 'g2']","[0, 0, 0]"
154,short of the eos range from canon or the d100s from nikon ( both slrs ) .,short_RB_N,[],[],[]
155,this is quite simply the best you can ask for . ,"is_VB_N_0(ask_VB_N_0(\x.x,best_JJ_P_1,you_PRP_N_0),\x.x)",[],[],[]
156,i love my g2 so thought i would upgrade . ,"thought_VB_N_0(upgrade_VB_N_0(i_FW_N_0),love_VB_P_1(g2_NN_N_0),i_FW_N_0)",['g2_NN_N_0'],['g2'],[0]
157,big mistake . ,mistake_NN_Ne_0,[],[],[]
158,the g3 had problems focusing in low light and would not take the picture when the shutter was pressed but after the shutter had been released a few seconds . ,"CC(CC(had_VB_N_0(been_VB_N_0(seconds_NNS_N_0(\X.released_VB_N_0(X))),shutter_NN_N_0),was_VB_N_0(\X.pressed_VB_N_0(X),shutter_NN_N_0),take_VB_N_0(picture_NN_N_0)),had_VB_N_0(light_NN_N_0(\X.focusing_VB_N_0(X),problems_NNS_Ne_1)),g3_NN_N_0)","['shutter_NN_N_0', 'shutter_NN_N_0', 'picture_NN_N_0', 'light_NN_N_0', 'g3_NN_N_0']","['shutter', 'shutter', 'picture', 'light', 'g3']","[0, 0, 0, 0, 0]"
159,got way too many blurry pictures . ,"got_VB_N_0(way_NN_N_0,pictures_NNS_N_0)",['way_NN_N_0'],['way'],[0]
160,i have returned the g3 ( actually i tried two of them ) and have my g2 ! ,"CC(have_VB_N_0(g2_NN_N_0),tried_VB_N_0(\x.x),i_FW_N_0,have_VB_N_0(returned_VB_N_0(g3_NN_N_0)),i_LS_N_0)","['g2_NN_N_0', 'g3_NN_N_0']","['g2', 'g3']","[0, 0]"
161,"when shopping for digital cameras i looked at the nikon cp5700 , olympus c5050 , nikon cp5000 , and the canon g3 . ","shopping_VB_N_0(cameras_NNS_N_0,looked_VB_N_0(CC(canon+g3_NN_N_0,seq(nikon+cp5700+olympus_NN_N_0,c5050+nikon+cp5000_NN_N_0)),i_FW_N_0))","['canon+g3_NN_N_0', 'cp5700+olympus_NN_N_0', 'nikon+cp5000_NN_N_0']","['canon g3', 'cp5700 olympus', 'nikon cp5000']","[0, 0, 0]"
162,the nikon 's are great cameras . ,"are_VB_N_0(cameras_NNS_N_1,nikon_NN_N_0)",['nikon_NN_N_0'],['nikon'],[0]
163,"- the drawbacks were that they were not user friendly for the casual photographer , the lcd screen is a little too small , cp5000 does not take photos in raw format . ","were_VB_N_0(is_VB_N_0(\x.format_NN_N_0(take_VB_N_0(photos_NNS_N_0),x,cp5000_NN_N_0),drawbacks_NNS_Ne_0))","['format_NN_N_0', 'cp5000_NN_N_0']","['format', 'cp5000']","[0, 0]"
164,olympus c5050 is a very solid camera with a metal body . ,"is_VB_N_0(seq(metal+body_NN_N_0,camera_NN_N_2),olympus+c5050_NN_N_0)","['metal+body_NN_N_0', 'camera_NN_N_2', 'olympus+c5050_NN_N_0']","['metal body', 'camera', 'olympus c5050']","[0, 0, 0]"
165,"- i did n't care much for the tilting lcd screen , it seemed very limited and not very usefull . ","care_VB_N_0(it_PRP_N_0(CC(lcd+screen_NN_N_2)),i_LS_N_0)",['lcd+screen_NN_N_2'],['lcd screen'],[0]
166,photos had some artifacts and noise . ,"had_VB_N_0(CC(noise_NN_Ne_1,artifacts_NNS_N_0),photos_NNS_N_0)",[],[],[]
167,my fiance just did n't like the way it felt in her hands . ,"like_VB_Ne_1(hands_NNS_N_0(\X.felt_VB_N_0(X),way_NN_N_0,it_PRP_N_0),fiance_NN_N_0)","['way_NN_N_0', 'fiance_NN_N_0']","['way', 'fiance']","[0, 0]"
168,we also looked at the fuji fps602 . ,"looked_VB_N_0(fuji+fps602_NN_N_0,we_PRP_N_0)",['fuji+fps602_NN_N_0'],['fuji fps602'],[0]
169,"nice camera but does n't take as sharp as pictures i thought they would , and again . ",CC(take_VB_N_0(camera_NN_N_1(\x.x))),['camera_NN_N_1'],['camera'],[0]
170,fiance did n't like the feel . ,"like_VB_Ne_1(feel_NN_N_0,fiance_NN_N_0)","['feel_NN_N_0', 'fiance_NN_N_0']","['feel', 'fiance']","[0, 0]"
171,the canon g3 . ,canon+g3_NN_N_0,['canon+g3_NN_N_0'],['canon g3'],[0]
172,"a lot of research went into digital camera 's before i made this purchase , and hands down , the g3 had everything i needed plus more . ","had_VB_N_0(needed_VB_N_0(everything_NN_N_0,i_FW_N_0),g3_NN_N_0,made_VB_N_0(CC(hands_NNS_N_0,purchase_NN_N_0)),i_FW_N_0,camera_NN_N_0(\X.went_VB_N_0(X)),lot_NN_N_0)","['everything_NN_N_0', 'g3_NN_N_0', 'purchase_NN_N_0', 'camera_NN_N_0', 'lot_NN_N_0']","['everything', 'g3', 'purchase', 'camera', 'lot']","[0, 0, 0, 0, 0]"
173,"the other cameras were great and i 'm sure many people will beg to differ from my observations , but to each his / her own . ","CC(beg_VB_Ne_1(differ_VB_N_0(CC(observations_NNS_N_0(\x.x))),people_NNS_N_0,i_FW_N_0),cameras_NNS_N_1)",[],[],[]
174,the powershot g3 is a great camera . ,"is_VB_N_0(camera_NN_N_1,powershot+g3_NN_N_0)","['camera_NN_N_1', 'powershot+g3_NN_N_0']","['camera', 'powershot g3']","[0, 0]"
175,why ? ,why_RB_N,[],[],[]
176,"4 megapixels is plenty for all but pros , and you will not be disappointed with the results of this camera . ","CC(be_VB_N_0(disappointed_VB_Ne_1(results_NNS_N_0),you_PRP_N_0),\x.x)",[],[],[]
177,it 's slightly lighter than the g2 and packed with even more features . ,"CC(packed_VB_N_0(features_NNS_N_0),g2_NN_N_0,lighter_JJ_P_1,it_PRP_N_0)",['g2_NN_N_0'],['g2'],[0]
178,"the catch with the canon g3 camera , ( and perhaps all of digital cameras ) is that its unresponsiveness will cause you to miss precious shots . ","is_VB_N_0(cause_VB_N_0(you_PRP_N_0,miss_VB_Ne_1(shots_NNS_N_1),unresponsiveness_NN_N_0),catch_NN_N_0)","['unresponsiveness_NN_N_0', 'catch_NN_N_0']","['unresponsiveness', 'catch']","[0, 0]"
179,"no one told me , but i wanted to tell you . ","CC(wanted_VB_N_0(tell_VB_N_0(you_PRP_N_0),i_FW_N_0),told_VB_N_0(me_PRP_N_0,one_NN_N_0))",['one_NN_N_0'],['one'],[0]
180,this is not the same thing as a film camera . ,"is_VB_N_0(seq(film+camera_NN_N_0,thing_NN_N_0),\x.x)","['film+camera_NN_N_0', 'thing_NN_N_0']","['film camera', 'thing']","[0, 0]"
