,review,type,aspect,clauses
0,this camera is perfect for an enthusiastic amateur photographer . ,simple_sentence,camera[+2],"[('this camera is perfect for an enthusiastic amateur photographer', 'IC')]"
1,"the pictures are razor-sharp , even in macro . ",simple_sentence,"picture[+3], macro[+3]","[('the pictures are razor-sharp even in macro', 'IC')]"
2,it is small enough to fit easily in a coat pocket or purse . ,simple_sentence,size[+2][u],"[('it is small enough to fit easily in a coat pocket or purse', 'IC')]"
3,it is light enough to carry around all day without bother . ,simple_sentence,weight[+1][u],"[('it is light enough to carry around all day without bother', 'IC')]"
4,"operating its many features is easy and often obvious - i 'm no annie lebovitz , but i was able to figure out most of its abilities just messing around with it at a camera store . ",phrase,feature[+2][u],"[(""operating its many features is easy and often obvious - i 'm no annie lebovitz , but i was able to figure out most of its abilities just messing around with it at a camera store . "", 'Phrase')]"
5,the manual does a fine job filling in any blanks that remain . ,complex_sentence,manual[+2],"[('the manual does a fine job filling in any blanks', 'IC'), ('that remain', 'DC')]"
6,"the auto-focus performs well , but i love having the 12 optional scene modes - they are dummy-proof , and correspond to many situations in which i would actually seek to use the camera . ",phrase,"auto focus[+2],scene mode[+2]","[('the auto-focus performs well , but i love having the 12 optional scene modes - they are dummy-proof , and correspond to many situations in which i would actually seek to use the camera . ', 'Phrase')]"
7,"comes with a 16 mb compact flash and one rechargable battery the charging unit , included , is fast and small . ",simple_sentence,rechargable battery[+2],"[('a mb compact flash and one rechargable battery the charging unit', 'IC')]"
8,"i bought a 256 mb cf and a second battery , so it 's good to go on a long vacation . ",compound_sentence,,"[('i bought a mb cf and a second battery', 'IC'), ('it good to go on a long vacation', 'IC')]"
9,i enthusiastically recommend this camera . ,simple_sentence,camera[+2],"[('i enthusiastically recommend this camera', 'IC')]"
10,"i got my camera three days back , and although i had some experience with digital cameras prior to purchasing this one , i still rate myself as a beginner . ",phrase,,"[('although i had some experience with digital cameras prior to purchasing this one i still rate myself as a beginner', 'DC')]"
11,i bought this camera because it fit my budget and the pre-production and production model reviews were positive . ,compound_complex_sentence,,"[('i bought this camera', 'IC'), ('because it fit my budget', 'DC'), ('the pre-production and production model reviews were positive', 'IC')]"
12,"it 's easy to use , and yet very feature rich . ",simple_sentence,"camera[+2][p], use[+1][u], feature[+2]","[('it easy to use', 'IC')]"
13,"in the auto mode it functions basically as a point and click , the scene modes are very easy to use and produce good results . ",compound_sentence,"auto mode[+1],scene mode[+2]","[('in the auto mode it functions basically as a point and click', 'IC'), ('the scene modes are very easy to use and produce good results', 'IC')]"
14,the manual mode is feature rich and i can 't wait to get the hang of it . ,complex_sentence,manual mode[+2],"[('mode is feature rich and i can', 'DC'), ('the hang of it', 'IC')]"
15,"the macro mode is exceptional , the pictures are very clear and you can take the pictures with the lens unbelievably close the subject . ",compound_sentence,"macro mode[+3],picture[+3]","[('the macro mode is exceptional', 'IC'), ('the pictures are very clear', 'IC'), ('you can take the pictures with the lens unbelievably close the subject', 'IC')]"
16,"the battery life is very good , i got about 90 minutes with the lcd turned on all the time , the first time around , and i have been using it with the lcd off every now and then , and have yet needed to recharge it . ",phrase,battery life[+3],"[('the battery life is very good , i got about 90 minutes with the lcd turned on all the time , the first time around , and i have been using it with the lcd off every now and then , and have yet needed to recharge it . ', 'Phrase')]"
17,"the camera comes with a lexar 16mb starter card , which stores about 10 images in fine mode at the highest resolution , i intend to buy a bigger card soon . ",complex_sentence,,"[('the camera comes with a lexar starter card', 'IC'), ('which stores about images in fine mode at the highest resolution i intend to buy a bigger card soon', 'DC')]"
18,i love photography . ,phrase,,"[('i love photography . ', 'Phrase')]"
19,i had an older camera that was simply a point and shoot camera . ,complex_sentence,,"[('that was simply a point', 'DC'), ('i had an older camera and shoot camera', 'IC')]"
20,"i needed something with more power , so i bought a nikon coolpix 4300 . ",compound_sentence,,"[('i needed something with more power', 'IC'), ('i bought a nikon coolpix', 'IC')]"
21,"i fell in love with this camera , it combines ease of use , with an immense amount of options and power . ",compound_sentence,"camera[+3], use[+1]","[('i fell in love with this camera', 'IC'), ('it combines ease of use with an immense amount of options and power', 'IC')]"
22,"you can use the scene modes , or fine tune the options , i. you can change the iso level , shutter speed , etc. ",complex_sentence,,"[('you can change the iso', 'DC'), ('you can use the scene modes or fine tune the options', 'IC')]"
23,"this camera is ideal for people who want more power , but do n't want to spend 1000s dollars on a camera . ",complex_sentence,camera[+2],"[('this camera is ideal for people', 'IC'), (""who want more power but do n't want to spend dollars on a camera"", 'DC')]"
24,i bought coolpix 4300 two months after i had bought canon powershot s400 . ,compound_sentence,,"[('i bought', 'IC'), ('coolpix two months after i had bought canon powershot s400', 'IC')]"
25,reason for two ? ,phrase,,"[('reason for two ? ', 'Phrase')]"
26,it was not easy sharing one with my teen age kid . ,simple_sentence,,"[('it was not easy sharing one with my teen age kid', 'IC')]"
27,the two cameras are very similar in functionality and pricing . ,simple_sentence,,"[('the two cameras are very similar in functionality and pricing', 'IC')]"
28,i 've had no problem with canon whatsoever . ,simple_sentence,,"[('i had no problem with canon whatsoever', 'IC')]"
29,"with nikon , although picture qualities are as good as any other 4 mp cameras , i 've had the following headaches ; ",complex_sentence,picture quality[+1],"[('with nikon i had the following headaches', 'IC'), ('although picture qualities are as good as any other mp cameras', 'DC')]"
30,1 . pictures wo n't transfer to pc directly from the camera using the included transfer cable . ,phrase,transfer[-2],"[(""1 . pictures wo n't transfer to pc directly from the camera using the included transfer cable . "", 'Phrase')]"
31,"i did everything i could , and it took many days of frustration before concluding that the only way to transfer to pc is with the card reader . ",phrase,,"[('i did everything i could , and it took many days of frustration before concluding that the only way to transfer to pc is with the card reader . ', 'Phrase')]"
32,card reader is included . ,simple_sentence,,"[('card reader is included', 'IC')]"
33,"2 . the speed is noticeably slower than canon , especially so with flashes on . ",phrase,,"[('2 . the speed is noticeably slower than canon , especially so with flashes on . ', 'Phrase')]"
34,"3 . with low battery , it twice wiped out the entire pictures in the memory chip . ",phrase,,"[('3 . with low battery , it twice wiped out the entire pictures in the memory chip . ', 'Phrase')]"
35,i used lexar 256 mb and i still use it which means nothing is wrong with lexar . ,complex_sentence,,"[('mb and i still use it which means nothing', 'DC'), ('i used lexar is wrong with lexar', 'IC')]"
36,be very careful when the battery is low and make sure to carry extra batteries . ,phrase,,"[('when the battery is low', 'DC')]"
37,"the other reviewers have clearly pointed all the good things about this camera , which i do agree . ",complex_sentence,,"[('the other reviewers have clearly pointed all the good things about this camera', 'IC'), ('which i do agree', 'DC')]"
38,"but there are certain issues might be they are to me here - all of them are minor; not major ones though , ",complex_sentence,,"[('but there are certain', 'IC'), ('issues might be they are to me here all of them are minor not major ones though', 'DC')]"
39,. this camera keeps on autofocussing in auto mode with a buzzing sound which can 't be stopped . ,phrase,auto mode[-2],"[("". this camera keeps on autofocussing in auto mode with a buzzing sound which can 't be stopped . "", 'Phrase')]"
40,would be really good if they have given an option to stop this autofocussing . ,phrase,,"[('if they have given an option to stop this autofocussing', 'DC')]"
41,". if you want to have the date ; time on the image , its only through their software "" nikon view "" which reads the images date ; time from the images meta-data . ",phrase,,"[('. if you want to have the date ; time on the image , its only through their software "" nikon view "" which reads the images date ; time from the images meta-data . ', 'Phrase')]"
42,so if you use your card reader ; copy images - you got to onceagain open them through their software to put the date ; time . ,complex_sentence,,"[('you got to onceagain open them through their software to put the date time', 'IC'), ('so if you use your card reader copy images', 'DC')]"
43,"in that too , there is n't a direct way to add date ; time - you got to say ' print images ' to a different directory in which there is an option to specify the date ; time . ",compound_complex_sentence,,"[(""in that too there is n't a direct way to add date time"", 'IC'), ('you got to say print images to a different directory', 'IC'), ('in which there is an option to specify the date time', 'DC')]"
44,. even the slightest of the shakes totally distorts your image ,phrase,image[-2],"[('. even the slightest of the shakes totally distorts your image ', 'Phrase')]"
45,. images taken indoor were n't so clear . ,phrase,indoor image[-2],"[("". images taken indoor were n't so clear . "", 'Phrase')]"
46,you got to have flash ' on ' to get it eventhough your room is well lit ,compound_complex_sentence,,"[('it eventhough', 'IC'), ('your room is well lit', 'DC'), ('you got to have flash on to get', 'IC')]"
47,. lens cap is a really annoying ,phrase,lens cap[-3],"[('. lens cap is a really annoying ', 'Phrase')]"
48,. go ; get a high speed like lexar 12x or higher cf card . ,phrase,,"[('. go ; get a high speed like lexar 12x or higher cf card . ', 'Phrase')]"
49,"else with simpler viking cf cards , it takes couple of seconds to write a picture with approximately "" fine **"" picture quality  "" image size : 1600 . ",simple_sentence,,"[('else with simpler viking cf cards it takes couple of seconds to write a picture with approximately fine picture quality image size', 'IC')]"
50,. the movie clips taken will always have some ' noise ' in it - you can 't avoid that . ,phrase,movie[-2],"[("". the movie clips taken will always have some ' noise ' in it - you can 't avoid that . "", 'Phrase')]"
51,but overall this is a good camera with a ' really good ' picture clarity ; an exceptional close-up shooting capability . ,simple_sentence,"camera[+2], picture[+2], close-up shooting[+3]","[('but overall this is a good camera with a really good picture clarity an exceptional close-up shooting capability', 'IC')]"
52,i would rate this is 4.5 stars picture quality ; image size defined above are specific to nikon coolpix . ,complex_sentence,,"[('i would rate', 'IC'), ('this is stars picture quality image size defined above are specific to nikon coolpix', 'DC')]"
53,"within a year , there are problems with my menu dial knob . ",simple_sentence,menu dial knob[-2],"[('within a year there are problems with my menu dial knob', 'IC')]"
54,it became stucked which makes it almost impossible to switch between modes . ,complex_sentence,,"[('it became stucked', 'IC'), ('which makes it almost impossible to switch between modes', 'DC')]"
55,"i send my camera to nikon for servicing , took them a whole 6 weeks to diagnose the problem . ",phrase,servicing[-2],"[('i send my camera to nikon for servicing , took them a whole 6 weeks to diagnose the problem . ', 'Phrase')]"
56,"worse of all , they claim that it 's some kind of internal damage and refuse to cover the cost via warranty ! ",complex_sentence,,"[('worse of all they claim and refuse to cover the cost via warranty', 'IC'), ('that it some kind of internal damage', 'DC')]"
57,they would n't repair my camera unless if i pay $ 100 for parts ? and labor ! ,complex_sentence,,"[(""they would n't repair my camera"", 'IC'), ('unless if i pay for parts', 'DC')]"
58,"it is a good camera in terms of the function and quality , but take your chance with it because nikon absolutely sucks when it comes to customer service . ",complex_sentence,"camera[+2],customer service[-2]","[('because nikon absolutely sucks', 'DC'), ('when it comes to customer service', 'DC'), ('it is a good camera in terms of the function and quality but take your chance with it', 'IC')]"
59,"got a "" system error "" problem 30 days after purchase . ",phrase,system error[-2],"[('got a "" system error "" problem 30 days after purchase . ', 'Phrase')]"
60,made the camera totally inoperable . ,phrase,camera[-2],"[('made the camera totally inoperable . ', 'Phrase')]"
61,"also , the lens cap design is flawed . ",simple_sentence,lens cap[-2],"[('also the lens cap design is flawed', 'IC')]"
62,you have to manually take the cap off in order to use it . ,simple_sentence,,"[('you have to manually take the cap off in order to use it', 'IC')]"
63,audio on video also lacking . ,phrase,audio[-2],"[('audio on video also lacking . ', 'Phrase')]"
64,"otherwise , it takes very good pictures ; shutter delay is n't so bad either . ",compound_sentence,"picture[+3],delay[+1]","[(""shutter delay is n't so bad either"", 'IC'), ('otherwise it takes very good pictures', 'IC')]"
65,"still , had to send it back to nikon for repair . ",phrase,,"[('still , had to send it back to nikon for repair . ', 'Phrase')]"
66,i am an amateur photographer and here is a piece of advise to all the folks who are thinking about making a move the digital world . ,complex_sentence,,"[('who are thinking about making a move', 'DC'), ('i am an amateur photographer and here is a piece of advise to all the folks the digital world', 'IC')]"
67,"nikon 4300 , i feel , is the best camera out there for the features and price . ",complex_sentence,camera[+3],"[('feel', 'DC'), ('nikon i is the best camera out there for the features and price', 'IC')]"
68,here were my requirements in a digital camera : ,phrase,,"[('here were my requirements in a digital camera : ', 'Phrase')]"
69,"1 . i had initially thought of buying a 2 or 3 megapixel camera but these are good for 4x6 "" or 5x7 "" prints and i wanted some really great 8x10 "" photos once in a while . ",phrase,,"[('1 . i had initially thought of buying a 2 or 3 megapixel camera but these are good for 4x6 "" or 5x7 "" prints and i wanted some really great 8x10 "" photos once in a while . ', 'Phrase')]"
70,2 . i did not want a very small camera as it seems to get lost in my hands and i was n't comfortable with that . ,phrase,,"[(""2 . i did not want a very small camera as it seems to get lost in my hands and i was n't comfortable with that . "", 'Phrase')]"
71,i wanted a decent sized camera with a contour for my fingers to hold it steadily . ,simple_sentence,,"[('i wanted a decent sized camera with a contour for my fingers to hold it steadily', 'IC')]"
72,"3 . i wanted a camera that had a lot of built-in settings for different types of suroundings while giving me an option to use my photography skills although , i am an amateur with an interest in photography by turning on the manual settings . ",phrase,,"[('3 . i wanted a camera that had a lot of built-in settings for different types of suroundings while giving me an option to use my photography skills although , i am an amateur with an interest in photography by turning on the manual settings . ', 'Phrase')]"
73,"4 . and , of course , i wanted a respected brand and had to stay within my budget because i had bought an expensive camcorder before but had n't used it much . ",phrase,,"[(""4 . and , of course , i wanted a respected brand and had to stay within my budget because i had bought an expensive camcorder before but had n't used it much . "", 'Phrase')]"
74,"depending on all the above requirements , i had narrowed down my search to nikon 4300 and canon powershot s400 models . ",simple_sentence,,"[('depending on all the above requirements i had narrowed down my search to nikon and canon powershot s400 models', 'IC')]"
75,"nikon got the final nod for its settings auto and manual along with movie modes , medium; compact size , price , brand name , good software that is included and previous reviews . ",complex_sentence,,"[('that is included', 'DC'), ('nikon got the final nod for its settings auto and manual along with movie modes medium compact size price brand name good software and previous reviews', 'IC')]"
76,i should say i have been very happy with my decision ever since . ,complex_sentence,,"[('i should say', 'IC'), ('i have been very happy with my decision ever since', 'DC')]"
77,the pictures are absolutely amazing - the camera captures the minutest of details . ,compound_sentence,picture[+3],"[('the pictures are absolutely amazing', 'IC'), ('the camera captures the minutest of details', 'IC')]"
78,a few things that might make it even better : ,phrase,,"[('a few things that might make it even better : ', 'Phrase')]"
79,1 . pictures taken in an indoor setting are a little dull and rarely hazy if you tend to take photographs from a distance . ,phrase,indoor picture[-1],"[('1 . pictures taken in an indoor setting are a little dull and rarely hazy if you tend to take photographs from a distance . ', 'Phrase')]"
80,2 . it takes a while for the camera to actually capture the photograph from the time you click the button and i have seen people becoming a little impatient waiting for the flash to glow . ,phrase,delay[-2][u],"[('2 . it takes a while for the camera to actually capture the photograph from the time you click the button and i have seen people becoming a little impatient waiting for the flash to glow . ', 'Phrase')]"
81,3 . the pictures come out hazy if your hands shake even for a moment during the entire process of taking a picture . ,phrase,picture[-2],"[('3 . the pictures come out hazy if your hands shake even for a moment during the entire process of taking a picture . ', 'Phrase')]"
82,"all the above , i think , are problems with all the digital cameras out there and so i have no major complaints . ",complex_sentence,,"[('i think', 'IC'), ('out there and so i have no major complaints', 'DC')]"
83,try to buy a tripod and that should solve some of those problems . ,phrase,,"[('try to buy a tripod and that should solve some of those problems . ', 'Phrase')]"
84,"whichever camera you buy , add upto about 200 dollars for an additional memory card i bought a 256 mb card , usb card reader , camera bag and the warranty . ",complex_sentence,,"[('you buy', 'DC'), ('i bought a mb card usb card reader camera bag and the warranty', 'IC'), ('whichever camera add upto about dollars for an additional memory card', 'DC')]"
85,"and finally , get your pictures developed at a kodak picture maker machine even though it costs you a little extra - no one can beat kodak processing in terms of clarity and brightness . ",complex_sentence,,"[('even though it costs you a little extra', 'DC'), ('no one can beat kodak processing in terms of clarity and brightness', 'IC')]"
86,hope this review has helped you in making up your mind . ,simple_sentence,,"[('hope this review has helped you in making up your mind', 'IC')]"
87,i have taken about 150 photographs so far and have absolutely loved the experience . ,simple_sentence,,"[('i have taken about photographs so far and have absolutely loved the experience', 'IC')]"
88,i am looking forward to my vegas trip for some great photographs now . ,simple_sentence,,"[('i am looking forward to my vegas trip for some great photographs now', 'IC')]"
89,"with our compact 35mm broken , and a vacation in europe at hand , i finally decided to enter the digital age . ",simple_sentence,,"[('with our compact mm broken and a vacation in europe at hand i finally decided to enter the digital age', 'IC')]"
90,"i first intended to buy the 3100 , but am really happy to invest the extra money for the 4300 . ",phrase,,"[('i first intended to buy the 3100 , but am really happy to invest the extra money for the 4300 . ', 'Phrase')]"
91,"the lense is a lot better , and the 4mb produce fantastic pictures . ",simple_sentence,,"[('the lense is a lot better and the produce fantastic pictures', 'IC')]"
92,"the possibilities with auto , manual , and the very helpful "" scene "" mode , which offers 11 optimized situational settings like portrait , landscape , beach / snow , sunset etc. , are endless . ",complex_sentence,"auto mode[+2], manual mode[+2], scene mode[+2]","[('which offers optimized situational settings like portrait landscape beach snow sunset etc.', 'DC'), ('the possibilities with auto manual and the very helpful scene mode are endless', 'IC')]"
93,the movie mode is also working great . ,simple_sentence,movie mode[+2],"[('the movie mode is also working great', 'IC')]"
94,"the 4300 comes with excellent easy to install software i use it on xp and win98 without problem , battery charger , usb and video cable . ",complex_sentence,software[+3],"[('i use it on xp and win98', 'DC'), ('the comes with excellent easy to install software without problem battery charger usb and video cable', 'IC')]"
95,"a 64mb flash card camera comes with a 16mb holds 52 pictures on "" normal "" resolution . ",complex_sentence,,"[('holds pictures on normal', 'DC'), ('a flash card camera comes with a resolution', 'IC')]"
96,"i experimented with online print ordering with the two major us brick and mortar retailers , and they both delivered great results . ",compound_sentence,print[+2],"[('i experimented with online print ordering with the two major us brick and mortar retailers', 'IC'), ('they both delivered great results', 'IC')]"
97,"even at the "" normal "" setting , a 8x10 print ! shows not a single sign of visible rendering or pixels - you could never tell that the picture has been taken by a "" digital "" . ",phrase,print[+3],"[('even at the "" normal "" setting , a 8x10 print ! shows not a single sign of visible rendering or pixels - you could never tell that the picture has been taken by a "" digital "" . ', 'Phrase')]"
98,"the battery life is ok , but can be somewhat short when working a lot with the monitor on . ",complex_sentence,battery life[+1],"[('when working a lot with the monitor on', 'DC'), ('the battery life is ok but can be somewhat short', 'IC')]"
99,"i therefore bought a second battery as a backup , and due to the lightingfast charging with the included charger , which by the way works on 110v as well as 220v in europe , we ran never out of "" juice "" . ",phrase,,"[('i therefore bought a second battery as a backup , and due to the lightingfast charging with the included charger , which by the way works on 110v as well as 220v in europe , we ran never out of "" juice "" . ', 'Phrase')]"
100,"i highly recommend the accessory kit , which provides you with everything else you need : ",phrase,,"[('which provides you with everything else', 'DC'), ('you need', 'DC')]"
101,"a nice camera bag , which holds camera plus all the cables and the charger . ",phrase,,"[('a nice camera bag , which holds camera plus all the cables and the charger . ', 'Phrase')]"
102,"furher it contains a card reader , a flash card folder for up to 8 cards , a lense cleaning rag , and an ac adapter , which is very helpful when working in an "" outlet environment "" . ",simple_sentence,,"[('furher it contains a card reader a flash card folder for up to cards a lense cleaning rag and an ac adapter which is very helpful when working in an outlet environment', 'IC')]"
103,"over all a fantastic very compact camera , which made us experience photography on a totally new level ! ",complex_sentence,camera[+3],"[('which made us', 'DC'), ('over all a fantastic very compact camera experience photography on a totally new level', 'IC')]"
104,"after reading all the glowing review on this camera , i went to my local camera shop to try one . ",simple_sentence,,"[('after reading all the glowing review on this camera i went to my local camera shop to try one', 'IC')]"
105,i currently own an olympus d-550 which takes wonderful outdoor pictures . ,complex_sentence,,"[('i currently own an olympus d-550', 'IC'), ('which takes wonderful outdoor pictures', 'DC')]"
106,"however , indoor pictures of subjects more than a few feet away can be blurry or grainy . ",simple_sentence,,"[('however indoor pictures of subjects more than a few feet away can be blurry or grainy', 'IC')]"
107,"anyway , in the store , i tried coolpix 4300 along with two other 4mp models minolta dimage s414 , and panasonic lumix . ",simple_sentence,,"[('anyway in the store i tried coolpix along with two other models minolta dimage s414 and panasonic lumix', 'IC')]"
108,"focusing on a display rack about 20 feet away in a brightly lit room during day time , pictures produced by this camera were blurry and in a shade of orange . ",simple_sentence,picture[-2],"[('focusing on a display rack about feet away in a brightly lit room during day time pictures produced by this camera were blurry and in a shade of orange', 'IC')]"
109,pictures produced by the minolta were orange but not blurry . ,simple_sentence,,"[('pictures produced by the minolta were orange but not blurry', 'IC')]"
110,pictures produced by the panasonic were excellent . ,simple_sentence,,"[('pictures produced by the panasonic were excellent', 'IC')]"
111,"the store clerk concluded that the blurriness may be caused by shaking the camera slightly when i press the button , which is understandable since this camera is lighter than the other two models . ",complex_sentence,,"[('the store clerk concluded', 'IC'), ('that the blurriness may be caused by shaking the camera slightly', 'DC'), ('when i press the button which is understandable since this camera is lighter than the other two models', 'DC')]"
112,"anyway , i ended up purchasing the lumix . ",simple_sentence,,"[('anyway i ended up purchasing the lumix', 'IC')]"
113,i 'm sure that this camera has all the wonderful features that others talk about . ,complex_sentence,,"[('that this camera has all the wonderful features', 'DC'), ('that others talk about', 'DC'), ('i sure', 'IC')]"
114,"however , as an average person with unsteady hands , i doubt it 'll perform well in lower light settings . ",simple_sentence,,"[('however as an average person with unsteady hands i doubt it perform well in lower light settings', 'IC')]"
115,i purchased the nikon 4300 after several weeks of searching . ,simple_sentence,,"[('i purchased the nikon after several weeks of searching', 'IC')]"
116,"the value , name , and resolution signed the lease . ",simple_sentence,,"[('the value name and resolution signed the lease', 'IC')]"
117,after nearly 800 pictures i have found that this nikon takes incredible pictures . ,complex_sentence,picture[+3],"[('that this nikon takes incredible pictures', 'DC'), ('after nearly pictures i have found', 'IC')]"
118,"the digital zoom takes as good of pictures , as the optical zoom does ! ",complex_sentence,"digital zoom[+2],optical zoom[+2]","[('the digital zoom takes as good of pictures', 'IC'), ('as the optical zoom does', 'DC')]"
119,"the inside pics , can be a bit challenging , but when you can instantly delete pics you dont like , that are not focused perfectly , or need lighting adjustments , make this camera very simple and effective . ",complex_sentence,picture[-2],"[('you dont like', 'DC'), ('the inside pics but make this camera very simple and effective', 'IC'), ('when you can instantly delete pics that are not focused perfectly or need lighting adjustments', 'DC')]"
120,"i love all of the features , and presets as well . ",simple_sentence,feature[+3],"[('i love all of the features and presets as well', 'IC')]"
121,"sunset feature takes incredible pics in the morning , and the evening ! ",simple_sentence,sunset feature[+3],"[('sunset feature takes incredible pics in the morning and the evening', 'IC')]"
122,the software you get with this camera is perfect . ,complex_sentence,software[+3],"[('you get with this camera', 'DC'), ('the software is perfect', 'IC')]"
123,"touchups , redeye , and so on are very easy to alter , and correct . ",simple_sentence,"touchup[+2], redeye[+2]","[('touchups redeye and so on are very easy to alter and correct', 'IC')]"
124,i definately recommend a large memory card . ,simple_sentence,,"[('i definately recommend a large memory card', 'IC')]"
125,"i use a 128mb card , and usually get around 70 to 100 pics 1024-1280 res. , with good resolution . ",phrase,,"[('i use a 128mb card , and usually get around 70 to 100 pics 1024-1280 res. , with good resolution . ', 'Phrase')]"
126,very large pics take 8mb each ! ,simple_sentence,,"[('very large pics take each', 'IC')]"
127,"battery life is good , although i recommend two rechargebles , or a alkaline backup , for those emergency pics you have to have . ",complex_sentence,battery life[+2],"[('battery life is good', 'IC'), ('you have to have', 'DC'), ('although i recommend two rechargebles or a alkaline backup for those emergency pics', 'DC')]"
128,"all and all , i am extremely pleased with this camera . ",simple_sentence,camera[+3],"[('all and all i am extremely pleased with this camera', 'IC')]"
129,making the step from film to digital has been a great move . ,phrase,,"[('making the step from film to digital has been a great move . ', 'Phrase')]"
130,i find myself emailing pics to everyone i know . ,compound_sentence,,"[('myself emailing pics to everyone', 'IC'), ('i find i know', 'IC')]"
131,"great camera , great investment ! ",phrase,camera[+3],"[('great camera , great investment ! ', 'Phrase')]"
132,"this is my second digital camera , though i also use one at work and have some experience with several nikon and canon models . ",complex_sentence,,"[('this is my second digital camera', 'IC'), ('though i also use one at work and have some experience with several nikon and canon models', 'DC')]"
133,"the nikon coolpix 4300 is wonderful -- easy to use , high quality , and compact in size . ",simple_sentence,"use[+1][u],quality[+2],size[+1]","[('the nikon coolpix is wonderful easy to use high quality and compact in size', 'IC')]"
134,with an extra battery and a couple of good sized memory cards you are all set for a day of picture taking while on vacation . ,simple_sentence,,"[('with an extra battery and a couple of good sized memory cards you are all set for a day of picture taking while on vacation', 'IC')]"
135,the auto setting does a great job most of the time but there are manual settings for those who want them . ,compound_complex_sentence,auto setting[+2],"[('the auto setting does a great job most of the time', 'IC'), ('there are manual settings for those', 'IC'), ('who want them', 'DC')]"
136,"if something were to happen to my nikon coolpix 4300 , i would order another just like it . ",complex_sentence,,"[('if something were to happen to my nikon coolpix', 'DC'), ('i would order another just like it', 'IC')]"
137,after much research i decided on the nikon coolpix 4300 . ,phrase,,"[('after much research i decided on the nikon coolpix 4300 . ', 'Phrase')]"
138,it has many great features and very few bad ones . ,simple_sentence,camera[+2][p],"[('it has many great features and very few bad ones', 'IC')]"
139,"it takes excellent pics and is very easy to use , if you read the manual . ",complex_sentence,"picture[+2],ease of use[+2]","[('it takes excellent pics and is very easy to use', 'IC'), ('if you read the manual', 'DC')]"
140,if you cant get great pics from this camera its because you havent read the manual . ,phrase,,"[('if you cant', 'DC'), ('because you havent read the manual', 'DC')]"
141,the only things i have found that i havent liked is that the lcd is hard to read in daylight but everyone elses is too . ,compound_complex_sentence,lcd[-1],"[('the only things i have found', 'IC'), ('that i havent liked is', 'DC'), ('that the lcd is hard to read in daylight', 'DC'), ('everyone elses is too', 'IC')]"
142,downloads are a snap and quick . ,simple_sentence,download[+2],"[('downloads are a snap and quick', 'IC')]"
143,controls easy yo use and easy to get to . ,phrase,control[+2],"[('controls easy yo use and easy to get to . ', 'Phrase')]"
144,i 'm extremely glad i bought this camera . ,complex_sentence,camera[+3],"[('i bought this camera', 'DC'), ('i extremely glad', 'IC')]"
145,really happy with this little camera . ,phrase,camera[+3],"[('really happy with this little camera . ', 'Phrase')]"
146,"it is n't big and offensive , though you would n't know it by looking at the pics it takes . ",complex_sentence,size[+2][u],"[(""it is n't big and offensive"", 'IC'), (""though you would n't know it by looking at the pics"", 'DC'), ('it takes', 'DC')]"
147,"got it for christmas , still learning a few of the settings , but i do n't take pictures every single day . ",simple_sentence,,"[(""i do n't take pictures every single day"", 'IC')]"
148,"settings for just about everything , beautiful pics and beautiful prints . ",phrase,"picture[+2],print[+2]","[('settings for just about everything , beautiful pics and beautiful prints . ', 'Phrase')]"
149,"i expected the 12x digital zoom to be grainy , but onfull size high to fine quality , the zoomed images are quite impressive . ",compound_sentence,zoomed image[+2],"[('i expected', 'IC'), ('the digital zoom to be grainy', 'IC'), ('onfull size high to fine quality the zoomed images are quite impressive', 'IC')]"
150,"did buy a 256mb compact flash , it holds a lot of pics at any resolution . ",simple_sentence,,"[('did buy a compact flash it holds a lot of pics at any resolution', 'IC')]"
151,"i only wish you could get high quality tiff images at all resolutions , but does n't seem any of the buget cameras do . ",compound_complex_sentence,,"[('i only wish', 'IC'), ('cameras do', 'IC'), (""you could get high quality tiff images at all resolutions but does n't seem any of the buget"", 'DC')]"
152,"still , at least from my perspective , a great camera for the money , and i 'm a happy camper ! ",simple_sentence,camera[+2],"[('still at least from my perspective a great camera for the money and i a happy camper', 'IC')]"
153,this is a wonderful camera . ,simple_sentence,camera[+2],"[('this is a wonderful camera', 'IC')]"
154,my wife and i read and read and read reviews on different cameras for months . ,simple_sentence,,"[('my wife and i read and read and read reviews on different cameras for months', 'IC')]"
155,in the end this is the one that we decided upon and since have never had buyer 's remorse . ,complex_sentence,,"[('that we decided upon', 'DC'), ('in the end this is the one and', 'IC')]"
156,"4 mp gives you room for the future gaining experience ; cost offsets over time from wanting more in a camera , 3x optical and the fact that it carries nikon 's quality reputation behind it make the whole package prove itself worthwile at the price . ",phrase,"4mp[+2],optical zoom[+2]","[(""4 mp gives you room for the future gaining experience ; cost offsets over time from wanting more in a camera , 3x optical and the fact that it carries nikon 's quality reputation behind it make the whole package prove itself worthwile at the price . "", 'Phrase')]"
157,one neat thing - i have taken some pictures in what i thought would be impossible lighting conditions pitch black rooms - no problem for the camera - rooms looked like they had ample lighting . ,compound_complex_sentence,picture[+2],"[('in what i thought would be impossible', 'DC'), ('lighting conditions pitch black rooms', 'DC'), ('rooms looked', 'IC'), ('like they had ample lighting', 'DC'), ('i have taken some pictures no problem for the camera', 'IC')]"
158,this little camera has created a marriage between myself and nikon. never knew i could love a digital camera so much . ,simple_sentence,camera[+3],"[('this little camera has created a marriage between myself and nikon', 'IC')]"
159,the software that comes with it is amazing and the online service that comes free is really very neat. clean clear and well focused on over 95 % of all photos taken by a beginner . ,complex_sentence,"software[+3], online service[+2]","[('that comes', 'DC'), ('with it is amazing', 'DC'), ('the software and the online service is really very neat', 'IC')]"
160,100 % perfect if you put some thought and time into reading the manual before you take the photos . ,phrase,,"[('if you put some thought and time into reading the manual', 'DC'), ('before you take the photos', 'DC')]"
161,i took the camera and just gave it to someone . ,simple_sentence,,"[('i took the camera and just gave it to someone', 'IC')]"
162,no instructions . ,phrase,,"[('no instructions . ', 'Phrase')]"
163,just point and shoot and the photos were great . ,simple_sentence,photo[+2],"[('just point and shoot and the photos were great', 'IC')]"
164,just imagine if you place a bit of knowledge when you take your photos . ,phrase,,"[('if you place a bit of knowledge', 'DC'), ('when you take your photos', 'DC')]"
165,the memory card fit nicely since i also have a pocket pc and it automatically installed a picture software on my pda wolla . ,compound_sentence,memory card[+2],"[('the memory card fit nicely since i also have a pocket pc', 'IC'), ('it automatically installed a picture software on my pda wolla', 'IC')]"
166,my pda becames a digital album . ,simple_sentence,,"[('my pda becames a digital album', 'IC')]"
167,i have a 128mb card in it and can shoot over 150 hi res photos . ,simple_sentence,,"[('i have a card in it and can shoot over hi res photos', 'IC')]"
168,"if you have to buy a camera on a buget, this has got to be the one . ",complex_sentence,camera[+2],"[('if you have to buy a camera on a buget', 'DC'), ('this has got to be the one', 'IC')]"
169,go get it . ,phrase,,"[('go get it . ', 'Phrase')]"
170,before they are sold out ! ,phrase,,"[('before they are sold out', 'DC')]"
171,"great camera , i have been using this for several months and got excellent results , simple friendly usage , in many scenes indoor , outdoor , snow , close up macro etc. ",compound_sentence,camera[+2],"[('great camera close up macro etc.', 'IC'), ('i have been using this for several months and got excellent results simple friendly usage in many scenes indoor outdoor snow', 'IC')]"
172,i bought my nikon coolpix4300 about a week ago . ,simple_sentence,,"[('i bought my nikon coolpix4300 about a week ago', 'IC')]"
173,this is my first digital camera and i can say that i am quite impressed with the features that it has . ,compound_complex_sentence,"camera[+3], feature[+2]","[('this is my first digital camera', 'IC'), ('i can say', 'IC'), ('that i am quite impressed with the features', 'DC'), ('that it has', 'DC')]"
174,it is easy enough to use for a beginner like me but it has plenty of features for me to grow into . ,compound_sentence,use[+2][u],"[('it is easy enough to use for a beginner like me', 'IC'), ('it has plenty of features for me to grow into', 'IC')]"
175,i particularly like the way it aids me in taking my macro shots . ,simple_sentence,macro[+2],"[('i particularly like the way it aids me in taking my macro shots', 'IC')]"
176,my friends were impressed with the quality of the pictures i took ! ,compound_sentence,picture quality[+2],"[('my friends were impressed with the quality of the pictures', 'IC'), ('i took', 'IC')]"
177,one downside though is that autofocus does not work well when battery is low . ,complex_sentence,autofocus[-2],"[('one downside though is', 'IC'), ('that autofocus does not work well', 'DC'), ('when battery is low', 'DC')]"
178,i assume this is the case for most cameras since it does not have enough power to do autofocus . ,phrase,,"[('since it does not have enough power to do autofocus', 'DC')]"
179,battery life is ok . ,simple_sentence,battery life[+1],"[('battery life is ok', 'IC')]"
180,i plan on buying a second battery and a larger cf for it . ,simple_sentence,,"[('i plan on buying a second battery and a larger cf for it', 'IC')]"
181,"great camera , and for the price you can 't beat it . ",complex_sentence,camera[+2],"[('for the price you can', 'DC'), ('great camera and t beat it', 'IC')]"
182,i 've been using it for about 3 months now . ,simple_sentence,,"[('i been using it for about months now', 'IC')]"
183,i found the controls very intuitive and learned how to manuver through the menus quickly . ,complex_sentence,control[+3],"[('i found the controls very intuitive and learned', 'IC'), ('how to manuver through the menus quickly', 'DC')]"
184,the quality is superb . ,simple_sentence,quality[+3],"[('the quality is superb', 'IC')]"
185,"the small size is perfect for my little hands , but may perhaps be uncomfortable or awkward for a bigger person . ",simple_sentence,size[+2],"[('the small size is perfect for my little hands but may perhaps be uncomfortable or awkward for a bigger person', 'IC')]"
186,"we use older versions 880 , 885 of this model in the office and i find them to produce excellent quality photos . ",complex_sentence,,"[('we use older versions', 'IC'), ('of this model in the office and i find them to produce excellent quality photos', 'DC')]"
187,"the 4300 is a very durable , compact package , and i find nikon to be a brand that i can trust . ",compound_complex_sentence,nikon 4300[+3],"[('i find nikon to be a brand', 'IC'), ('that i can trust', 'DC'), ('the is a very durable compact package', 'IC')]"
188,it comes with a 16mb flash card that you will need to upgrade ! ,complex_sentence,,"[('that you will need to upgrade', 'DC'), ('it comes with a flash card', 'IC')]"
189,"we got a 256mb card , and have been hard-pressed to fill it over a weekend . ",simple_sentence,,"[('we got a card and have been hard-pressed to fill it over a weekend', 'IC')]"
190,the only drawbacks that i have noticed : ,phrase,,"[('that i have noticed', 'DC')]"
191,"it comes with a rechargable battery that does not seem to last all that long , especially if you use the flash a lot . ",complex_sentence,battery[-2],"[('it comes with a rechargable battery', 'IC'), ('that does not seem to last all that long', 'DC'), ('especially if you use the flash a lot', 'DC')]"
192,"so , it 's a good idea to purchase an extra battery to insure that you are not left hanging . ",complex_sentence,,"[('that you are not left hanging', 'DC'), ('so it a good idea to purchase an extra battery to insure', 'IC')]"
193,it does not have an auto-focus assist light which is nice for taking shots in low-light situations it allows the camera to focus in low light . ,compound_complex_sentence,auto-focus assist light[-1],"[('it does not have', 'IC'), ('an auto-focus assist light', 'IC'), ('which is nice for taking shots in low-light situations', 'DC'), ('it allows the camera to focus in low light', 'IC')]"
194,"i would say that this is not a major issue , but it can be slightly annoying if you care about these things . ",compound_complex_sentence,,"[('i would say', 'IC'), ('that this is not a major issue', 'DC'), ('it can be slightly annoying', 'IC'), ('if you care about these things', 'DC')]"
195,"it has a 3x optical zoom , which is average for these cameras . ",complex_sentence,optical zoom[-1],"[('which is average for these cameras', 'DC'), ('it has a optical zoom', 'IC')]"
196,"for more , you sacrifice weight and size : more optical zoom requires more glass and focal length . ",complex_sentence,,"[('for more you sacrifice', 'IC'), ('weight and size more optical zoom requires more glass and focal length', 'DC')]"
197,"it does have a digital zoom on top of the optical zoom , but you sacrifice quality . ",compound_sentence,,"[('it does have a digital zoom on top of the optical zoom', 'IC'), ('you sacrifice quality', 'IC')]"
198,"i set the camera to the "" manual "" mode for one main reason : ",phrase,,"[('i set the camera to the "" manual "" mode for one main reason : ', 'Phrase')]"
199,in any other mode it autofocuses continuously and burns batteries . ,simple_sentence,,"[('in any other mode it autofocuses continuously and burns batteries', 'IC')]"
200,"in manual , you can set it to "" single af "" where it will focus by depressing the shudder button prior to taking the pic ; this is not really a hinderance , you just have to be familiar with its menus and features . ",compound_sentence,,"[('it will focus by depressing the shudder button prior to taking the pic', 'IC'), ('this is not really a hinderance', 'IC'), ('you just have to be familiar with its menus and features', 'IC'), ('in manual you can set it to single af where', 'IC')]"
201,"in reality , these are the only drawbacks this camera has , much less than many other models ! ",complex_sentence,,"[('in reality these are the only drawbacks', 'IC'), ('this camera has much less than many other models', 'DC')]"
202,"it is easy to "" focus "" in on the drawbacks , so do n't think i hate this camera . ",complex_sentence,,"[(""so do n't think i hate this camera"", 'DC'), ('it is easy to focus in on the drawbacks', 'IC')]"
203,it really is an awesome camera that is hard to beat for general-to moderate snapping . ,complex_sentence,camera[+3],"[('it really is an awesome camera', 'IC'), ('that is hard to beat for general-to moderate snapping', 'DC')]"
204,"for work , we use them in the field often , and they hold up really well . ",compound_sentence,,"[('we use them in the field often', 'IC'), ('they hold up really well', 'IC')]"
205,they take excellent macro shots as well . ,simple_sentence,macro[+2],"[('they take excellent macro shots as well', 'IC')]"
206,"the menus and features are easy to manipulate and access , and it takes silent movies . ",compound_sentence,menu[+2],"[('the menus and features are easy to manipulate and access', 'IC'), ('it takes silent movies', 'IC')]"
207,"i compared this to a lot of other cameras , believe me , it 's value for money . ",simple_sentence,camera[+2],"[('i compared this to a lot of other cameras believe me it value for money', 'IC')]"
208,the picturers are amazing . ,simple_sentence,picture[+3],"[('the picturers are amazing', 'IC')]"
209,"do n't waste time looking at anything else , just buy this one . ",phrase,,"[(""do n't waste time looking at anything else , just buy this one . "", 'Phrase')]"
210,it do n't get any better then the nikon 4300 . ,simple_sentence,,"[(""it do n't get any better then the nikon"", 'IC')]"
211,"i am a nikon fan , and owned and used slr nikon fe , n50 and n90s for many many years . ",simple_sentence,,"[('i am a nikon fan and owned and used slr nikon fe n50 and n90s for many many years', 'IC')]"
212,"recently bought this coolpix 4300 along with a 256mb ultra flash card . as expected , i happily found that qualities of the picture are excellent with 3m-4m pixel / fine combos and many of the user-friendly functions are very similar to slr models , and with added convenience of a digital camera that you can see pictures immediately . ",phrase,"picture quality[+2],function[+2]","[('recently bought this coolpix 4300 along with a 256mb ultra flash card . as expected , i happily found that qualities of the picture are excellent with 3m-4m pixel / fine combos and many of the user-friendly functions are very similar to slr models , and with added convenience of a digital camera that you can see pictures immediately . ', 'Phrase')]"
213,"i particularly like the "" txt "" file which records all the control information for all the pictures you take. ",phrase,txt file[+2],"[('which records all the control information for all the pictures', 'DC'), ('you take', 'DC')]"
214,the compact digital camera is especially useful if you have little children around and you can always take the camera with you and take many pictures of them . ,compound_complex_sentence,size[+2][u],"[('the compact digital camera is especially useful', 'IC'), ('if you have little children around', 'DC'), ('you can always take the camera with you and take many pictures of them', 'IC')]"
215,"try to buy a high capacity ultra card , as it 's 2x as faster as the regular cf card . ",phrase,,"[('as it as faster as the regular cf card', 'DC')]"
216,"consider the time you save during picture taking especially not missing a good moment and during download , it 's well worth the little extra money . ",complex_sentence,,"[('you save during picture taking especially not missing a good moment and during download', 'DC'), ('consider the time it well worth the little extra money', 'IC')]"
217,"an extra rechargeable en-el 1 battery is also handy , so you will seldom run into "" out of battery "" situation . ",compound_sentence,,"[('an extra rechargeable en-el battery is also handy', 'IC'), ('you will seldom run into out of battery situation', 'IC')]"
218,use the rechargeable because that saves you money and helps the environment in a long run . ,phrase,,"[('because that saves you money and helps the environment in a long run', 'DC')]"
219,"one thing puzzles me is that for "" fine and 2200 + "" quality pictures , one ultra 256mb cf card can only hold 130-140 pics , but the size of the pictures are only around 1.2 mb , the math does not add up . ",complex_sentence,,"[('one thing puzzles  does not add up', 'IC'), ('me is that for fine and', 'DC'), ('quality pictures one ultra cf card can only hold pics but the size of the pictures are only around mb the math', 'DC')]"
220,i would expecct the card to hold over 200 pictures for size of 1.2 mb/per . ,simple_sentence,,"[('i would expecct the card to hold over pictures for size of mb/per', 'IC')]"
221,anybody can explain that ? ,simple_sentence,,"[('anybody can explain that', 'IC')]"
222,"a nikon will make you happier and leave you lots of good memories , as always . ",simple_sentence,nikon[+3],"[('a nikon will make you happier and leave you lots of good memories as always', 'IC')]"
223,i highly recommend this camera to anyone looking for a good digital camera that takes great pictures yet does n't take weeks to figure out how to operate . ,complex_sentence,"camera[+3],picture[+2]","[('i highly recommend this camera to anyone looking for a good digital camera', 'IC'), ('that takes', 'DC'), ('that takes', 'DC'), (""great pictures yet does n't take weeks to figure out how to operate"", 'DC')]"
224,we take this camera with us everywhere and are constantly amazed at the quality of the pictures that we get and the number of different ways the camera allows for pictures to be taken . ,compound_complex_sentence,picture quality[+2],"[('we take this camera with us everywhere and are constantly amazed at the quality of the pictures', 'IC'), ('that we get', 'DC'), ('the number of different ways the camera allows for pictures to be taken', 'IC')]"
225,i am a picture fanatic so i consider myself picky and if your the same way this camera will not let you down.now buy it ! ,complex_sentence,camera[+3],"[('i consider myself picky', 'DC'), ('if your the same way this camera will not let you down.now buy it', 'DC'), ('i am a picture fanatic so and', 'IC')]"
226,"first of all , let 's start with my needs : 1 $ 500 budget 2 4mp resolution , 3 optical clarity and color , 4 fast - very little shutter lag and quick sep-up for next picture , 5 compact size , and 6 good camera grip to minimize camera shake . ",phrase,,"[(""first of all , let 's start with my needs : 1 $ 500 budget 2 4mp resolution , 3 optical clarity and color , 4 fast - very little shutter lag and quick sep-up for next picture , 5 compact size , and 6 good camera grip to minimize camera shake . "", 'Phrase')]"
227,"for three months , i 've researched the internet and magazines , queried various sales personnel , and took hands-on in-store test drives . ",simple_sentence,,"[('for three months i researched the internet and magazines queried various sales personnel and took hands-on in-store test drives', 'IC')]"
228,and i finally settled on the nikon coolpix 4300 . ,simple_sentence,,"[('and i finally settled on the nikon coolpix', 'IC')]"
229,"i have it for a week now , and this camera has exceeded my expectations . ",compound_sentence,camera[+3],"[('i have it for a week now', 'IC'), ('this camera has exceeded my expectations', 'IC')]"
230,the daylight pictures are brilliant and the indoor shots are very good provided that your subject is no more than about 8 feet away . ,compound_complex_sentence,"picture[+2],indoor shot[+1]","[('the daylight pictures are brilliant', 'IC'), ('the indoor shots are very good provided', 'IC'), ('that your subject is no more than about feet away', 'DC')]"
231,the shutter lag is on par with what i 've experienced with point and shoot 35mm and aps film cameras and the next frame advance is about a couple seconds using a high speed 12x 128mb compact flash card a salesperson recommended the high speed card since next frame advance speed was important to me - and it was only a few dollars more . ,phrase,,"[(""the shutter lag is on par with what i 've experienced with point and shoot 35mm and aps film cameras and the next frame advance is about a couple seconds using a high speed 12x 128mb compact flash card a salesperson recommended the high speed card since next frame advance speed was important to me - and it was only a few dollars more . "", 'Phrase')]"
232,uploading the images to my windows-based pc is very fast and simple . ,phrase,image download[+2][u],"[('uploading the images to my windows-based pc is very fast and simple . ', 'Phrase')]"
233,"the only drawbacks i 've encountered are : 1 indoor shots from a distance > 8ft lack contrast and color , but i 've found this to be a problem with all cameras with built-in flashes that i 've used even on a nikon slr . ",phrase,indoor shot[-1],"[(""the only drawbacks i 've encountered are : 1 indoor shots from a distance > 8ft lack contrast and color , but i 've found this to be a problem with all cameras with built-in flashes that i 've used even on a nikon slr . "", 'Phrase')]"
234,"right now , i 'm researching for an inexpensive slave flash unit that 's designed for digital cameras . ",phrase,,"[(""right now , i 'm researching for an inexpensive slave flash unit that 's designed for digital cameras . "", 'Phrase')]"
235,2 the battery life seems to be on the short side but adequate for most situations . ,phrase,battery life[-1],"[('2 the battery life seems to be on the short side but adequate for most situations . ', 'Phrase')]"
236,i got 45 outdoor and 15 indoor shots with the monitor on turning the camera off and on over a 4 hour period before the battery died . ,phrase,,"[('i got 45 outdoor and 15 indoor shots with the monitor on turning the camera off and on over a 4 hour period before the battery died . ', 'Phrase')]"
237,an extra for a back-up battery would be a good investment . ,simple_sentence,,"[('an extra for a back-up battery would be a good investment', 'IC')]"
238,"3 the picture editing software it came with is adequate , but not very robust . ",complex_sentence,software[-1],"[('it came with', 'DC'), ('the picture editing software is adequate but not very robust', 'IC')]"
239,i 'll still use my photosuite for editing . ,simple_sentence,,"[('i still use my photosuite for editing', 'IC')]"
240,one more thing about indoor shots - many of the reviews knocked this camera for low light focusing . ,simple_sentence,,"[('one more thing about indoor shots many of the reviews knocked this camera for low light focusing', 'IC')]"
241,"just for the heck of it , i took it into my dark kitchen with only indirect light coming in though the door , and the focusing was just fine . ",compound_sentence,,"[('i took it into my dark kitchen with only indirect light coming in though the door', 'IC'), ('the focusing was just fine', 'IC')]"
242,"in summary , i love this camera and would whole-heartedly recommend this to anyone wanting a high quality point and shoot camera in the medium price range . ",simple_sentence,camera[+3],"[('in summary i love this camera and would whole-heartedly recommend this to anyone wanting a high quality point and shoot camera in the medium price range', 'IC')]"
243,"- since i wrote the review above in january 2003 , i still love this camera . ",complex_sentence,,"[('since i wrote the review above in january', 'DC'), ('i still love this camera', 'IC')]"
244,i 've picked up a few accessories that i found to be useful . ,complex_sentence,,"[('that i found to be useful', 'DC'), ('i picked up a few accessories', 'IC')]"
245,i bought a digi-slave dsf-1s flash unit . ,simple_sentence,,"[('i bought a digi-slave dsf-1s flash unit', 'IC')]"
246,"i do n't use a bracket , i just hold it above my head and aim the flash with my left hand . ",compound_sentence,,"[(""i do n't use"", 'IC'), ('a bracket i just hold it above my head and aim the flash with my left hand', 'IC')]"
247,"i also got a ur-e 4 step down ring adapter , lc-e 900 lens cap , and the nikon 28mm filter set . ",simple_sentence,,"[('i also got a ur-e step down ring adapter lc-e lens cap and the nikon mm filter set', 'IC')]"
248,this provides added protection for the camera lens and allows the use of filters . ,simple_sentence,,"[('this provides added protection for the camera lens and allows the use of filters', 'IC')]"
249,i leave the adapter and uv filter on all the time . ,simple_sentence,,"[('i leave the adapter and uv filter on all the time', 'IC')]"
250,this also allows you to turn on the camera on without having to remove the lens cap . ,compound_sentence,,"[('this also allows', 'IC'), ('you to turn on the camera on without having to remove the lens cap', 'IC')]"
251,"the downside is that you might accidentally take pictures with the lens cap on , the camera wo n't fit in the small cases , and 28mm filters are expensive and hard to find . ",compound_complex_sentence,,"[('the downside is', 'IC'), ('that you might accidentally take pictures with the lens cap on', 'DC'), (""the camera wo n't fit in the small cases"", 'IC'), ('mm filters are expensive and hard to find', 'IC')]"
252,great camera . ,phrase,camera[+2],"[('great camera . ', 'Phrase')]"
253,i am impressed with how easy this camera is to use . ,complex_sentence,use[+2],"[('i am impressed with', 'IC'), ('how easy this camera is to use', 'DC')]"
254,it takes great pictures . ,simple_sentence,picture[+2],"[('it takes great pictures', 'IC')]"
255,"the manual is easy to understand , and it is mostly idiot proof . ",compound_sentence,manual[+2],"[('the manual is easy to understand', 'IC'), ('it is mostly idiot proof', 'IC')]"
256,"it is small , unlike my canon slr , so it easily fits in my pocket . ",compound_sentence,size[+2][u],"[('it easily fits in my pocket', 'IC'), ('it is small unlike my canon slr', 'IC')]"
257,i have not yet figured out how to make it snap quick pictures for action shots . ,complex_sentence,,"[('i have not yet figured out', 'IC'), ('how to make it snap quick pictures for action shots', 'DC')]"
258,now where did i put that manual ? ,phrase,,"[('now where did i put that manual ? ', 'Phrase')]"
259,do n't let my five star rating fool you . ,phrase,,"[(""do n't let my five star rating fool you . "", 'Phrase')]"
260,the nikon coolpix 4300 deserves six . ,simple_sentence,,"[('the nikon coolpix deserves six', 'IC')]"
261,i got this camera about a month ago and i can 't put it down . ,simple_sentence,camera[+3],"[('i got this camera about a month ago and i can t put it down', 'IC')]"
262,"i was considering buying the minolta f-100 and the sony dsc-p 9 , but at the camera shop , realized this one went above and beyond . ",compound_sentence,,"[('this one went above and beyond', 'IC'), ('i was considering buying the minolta f-100 and the sony dsc-p but at the camera shop realized', 'IC')]"
263,i selected the 4300 right away and have gotten high quality pictures every time . ,simple_sentence,picture quality[+2],"[('i selected the right away and have gotten high quality pictures every time', 'IC')]"
264,autofocus feels exactly like my film camera while scene and manual mode add a little fun challenge to it all . ,complex_sentence,"autofocus[+1],scene mode[+1],manual mode[+1]","[('autofocus feels exactly like my film camera', 'IC'), ('while scene and manual mode add a little fun challenge to it all', 'DC')]"
265,i would also recommend buying an extra battery and at least a 128 mb compact flash type i memory card . ,simple_sentence,,"[('i would also recommend buying an extra battery and at least a mb compact flash type i memory card', 'IC')]"
266,buy this camera and savour it . ,phrase,,"[('buy this camera and savour it . ', 'Phrase')]"
267,i reviewed several digital cameras before settling on this one . ,simple_sentence,,"[('i reviewed several digital cameras before settling on this one', 'IC')]"
268,this one was rated very high by several people check out this site and epinions.com . ,simple_sentence,,"[('this one was rated very high by several people check out this site and epinions.com', 'IC')]"
269,i have not been disappointed with my purchase . ,simple_sentence,camera[+2][p],"[('i have not been disappointed with my purchase', 'IC')]"
270,picture quality in outdoor settings is indistinguishable from 35mm . ,simple_sentence,picture quality[+2],"[('picture quality in outdoor settings is indistinguishable from mm', 'IC')]"
271,"on average , indoor shots with a flash are not quite as good as 35mm . ",simple_sentence,indoor shot[-2],"[('on average indoor shots with a flash are not quite as good as mm', 'IC')]"
272,"however , the convenience of using digital far outweighs the slightly less accurate indoor pictures . ",simple_sentence,,"[('however the convenience of using digital far outweighs the slightly less accurate indoor pictures', 'IC')]"
273,i am extremely satisfied with this camera . ,simple_sentence,camera[+3],"[('i am extremely satisfied with this camera', 'IC')]"
274,i purchased it from amazon on a since discontinued promotion . ,simple_sentence,,"[('i purchased it from amazon on a since discontinued promotion', 'IC')]"
275,buy an extra battery - life is good but still somewhat short . ,simple_sentence,,"[('life is good but still somewhat short', 'IC')]"
276,do n't buy this camera if you are not going to purchase a 128 megabyte card . ,phrase,,"[('if you are not going to purchase a megabyte card', 'DC')]"
277,you need the storage to hold a decent amount of shots at 4 megapixel resolution . ,compound_sentence,,"[('you need', 'IC'), ('the storage to hold a decent amount of shots at megapixel resolution', 'IC')]"
278,i have one thing to say to the numbskulls who complain that this camera 's controls are confusing and hard to remember : ,compound_complex_sentence,,"[('i have', 'IC'), ('one thing to say to the numbskulls', 'IC'), ('who complain', 'DC'), ('that this camera controls are confusing and hard to remember', 'DC')]"
279,read the directions ! ,phrase,,"[('read the directions ! ', 'Phrase')]"
280,the regular mode in this camera works for 80 % of settings . ,simple_sentence,,"[('the regular mode in this camera works for of settings', 'IC')]"
281,"the "" scene "" mode works well for the remainder of shots that are not going to be in a "" regular "" setting . ",phrase,scene mode[+2],"[('the "" scene "" mode works well for the remainder of shots that are not going to be in a "" regular "" setting . ', 'Phrase')]"
282,i wish the camera had a higher optical zoom so that i could take better wildlife photos . ,complex_sentence,,"[('i wish', 'IC'), ('the camera had a higher optical zoom', 'DC'), ('so that i could take better wildlife photos', 'DC')]"
283,"however , its 3x optical setting is acceptable for 70 % of the shots that i take . ",complex_sentence,optical setting[+1],"[('that i take', 'DC'), ('however its optical setting is acceptable for of the shots', 'IC')]"
284,"buy this camera , you wo n't regret it . ",simple_sentence,,"[(""buy this camera you wo n't regret it"", 'IC')]"
285,"if you 're looking for a small , compact , super resolution digital camera , you can end your search with the nikon 4300 ! ",complex_sentence,camera[+2],"[('you can end your search with the nikon', 'IC'), ('if you looking for a small compact super resolution digital camera', 'DC')]"
286,"after a lengthy and extensive journey for a feature-loaded , high performance , travel size camera , i initially gravitated to this little gem because of the superior picture quality 4 mega pixel . ",phrase,picture quality[+3],"[('after a lengthy and extensive journey for a feature-loaded , high performance , travel size camera , i initially gravitated to this little gem because of the superior picture quality 4 mega pixel . ', 'Phrase')]"
287,"after using it for about a month , i can state unequivocably that this nikon definitely delivers a huge bang for the buck . ",complex_sentence,nikon[+3],"[('that this nikon definitely delivers a huge bang for the buck', 'DC'), ('after using it for about a month i can state unequivocably', 'IC')]"
288,its easy to use and the sheer fun of being able to use an array of nikon accessories like the telephoto and wide-angle lenses is the proverbial icing on the cake . ,simple_sentence,"use[+1], accessory[+2]","[('the sheer fun of being able to use an array of nikon accessories like the telephoto and wide-angle lenses is the proverbial icing on the cake', 'IC')]"
289,"yes , the picture quality and features which are too numerous to mention are unmatched for any camera in this price range . ",complex_sentence,"picture quality[+3],feature[+3]","[('which are too numerous to mention', 'DC'), ('yes the picture quality and features are unmatched for any camera in this price range', 'IC')]"
290,the design and construction are excellent -- as is the legendary quality of the nikon optics . ,complex_sentence,"design[+2],construction[+2],optic[+2]","[('the design and construction are excellent', 'IC'), ('as is the legendary quality of the nikon optics', 'DC')]"
291,i own a 35mm slr camera and this is my second digital . ,phrase,,"[('i own a 35mm slr camera and this is my second digital . ', 'Phrase')]"
292,"if you 're seeking that elusive state of photographic euphoria that is free of buyer 's remorse and filled with cool , then travel to the world of the coolpix 4300 ! ",phrase,,"[('if you seeking that elusive state of photographic euphoria that is free of buyer remorse and filled with cool', 'DC')]"
293,had it for a week . ,phrase,,"[('had it for a week . ', 'Phrase')]"
294,"there are so many functions in this little , yet powerful camera ! ",simple_sentence,camera[+2],"[('there are so many functions in this little yet powerful camera', 'IC')]"
295,seriously ! i love it ! ,phrase,camera[+3][p],"[('seriously ! i love it ! ', 'Phrase')]"
296,"my room is so dark and when i tried taking pics of it with my old camera , they came out black , but with this , they look the same in the picture as in real life . ",compound_complex_sentence,,"[('my room is so dark', 'IC'), ('when i tried taking pics of it with my old camera', 'DC'), ('and  they look the same in the picture as in real life', 'IC'), ('they came out black but with this', 'IC')]"
297,"better actually cause my carpet looks clean , lol . ",phrase,,"[('better actually cause my carpet looks clean , lol . ', 'Phrase')]"
298,but this camera is great ! ,simple_sentence,camera[+2],"[('but this camera is great', 'IC')]"
299,the picture quality is amazing and you can connect it to your tv and could make silent movies that way if you wanted to . ,compound_complex_sentence,"picture quality[+3],movie[+1]","[('the picture quality is amazing', 'IC'), ('you can connect it to your tv and could make silent movies that way', 'IC'), ('if you wanted to', 'DC')]"
300,"i can 't connect it to my computer though , but that 's a problem with windows me , not the camera . ",compound_sentence,,"[('i can t connect it to my computer though', 'IC'), ('that a problem with windows me not the camera', 'IC')]"
301,"if you have windows me you should upgrade to xp anyway , lol . ",complex_sentence,,"[('if you have windows me', 'DC'), ('you should upgrade to xp anyway lol', 'IC')]"
302,but it works perfectly fine on my parent 's computer . ,simple_sentence,,"[('but it works perfectly fine on my parent computer', 'IC')]"
303,"it does have a lense cap , but it wo n't let you take pics with it on which is real good . ",compound_complex_sentence,lense cap[+1],"[('it does have a lense cap', 'IC'), (""it wo n't let"", 'IC'), ('you take pics with it on', 'IC'), ('which is real good', 'DC')]"
304,the battery recharges ral fast and the recharger thingy that comes with is real nice . ,compound_complex_sentence,battery[+2],"[('the battery recharges ral fast', 'IC'), ('that comes with', 'DC'), ('the recharger thingy is real nice', 'IC')]"
305,"ooh , and i dropped it and it still works fine : this little camera has so many features i have n't even gotten to all of them yet . ",compound_complex_sentence,camera[+2],"[('it and it still works fine', 'DC'), ('this little camera has so many features', 'IC'), (""i have n't even gotten to all of them yet"", 'DC'), ('ooh and i dropped', 'IC')]"
306,"i did quite a bit of research before buying this camera , and this one had everything i was looking for . ",compound_complex_sentence,,"[('i did quite a bit of research before buying this camera', 'IC'), ('this one had everything', 'IC'), ('i was looking for', 'DC')]"
307,"it 's easy for beginners to use , but has features that more serious photographers will love , so it 's an excellent camera to grow into . ",complex_sentence,"use[+1],feature[+2], camera[+2]","[('that more serious photographers will love', 'DC'), ('it easy for beginners to use but has features', 'IC'), ('so it an excellent camera to grow into', 'DC')]"
308,"it 's light weight enough to take with you everywhere , but powerful enough to get outstanding pix . ",complex_sentence,"weight[+2], picture[+2][u]","[('weight enough to take with you everywhere', 'DC'), ('it light but powerful enough to get outstanding pix', 'IC')]"
309,"i love the continuous shot mode , which allows you to take up to 16 pix in rapid succession -- great for action shots . ",complex_sentence,continuous shot mode[+3],"[('i love the continuous shot mode', 'IC'), ('which allows you to take up to pix in rapid succession great for action shots', 'DC')]"
310,i 'm amazed at the photo quality -- prints are indistinguishable from 35mm prints . ,compound_sentence,"photo quality[+3],print[+2]","[('i amazed at the photo quality', 'IC'), ('prints are indistinguishable from mm prints', 'IC')]"
311,"i only have one complaint , and that is the 8mb card included . ",compound_sentence,8mb card[-2],"[('i only have one complaint', 'IC'), ('that is the card included', 'IC')]"
312,8mb for a camera like this is a joke . ,simple_sentence,8mb[-2],"[('for a camera like this is a joke', 'IC')]"
313,a card with more memory is a must . ,simple_sentence,,"[('a card with more memory is a must', 'IC')]"
314,"a minor quibble , since most cameras on the market still only include the 8mb cards . ",simple_sentence,,"[('a minor quibble since most cameras on the market still only include the cards', 'IC')]"
315,"if you do any research into digital cameras , you 'll quickly find that this camera is just about the best value out there . ",complex_sentence,,"[('if you do any research into digital cameras', 'DC'), ('that this camera is just about the best value out there', 'DC'), ('you quickly find', 'IC')]"
316,these are the reasons i think it 's great : ,complex_sentence,,"[('these are the reasons', 'IC'), ('i think', 'DC'), ('it great', 'DC')]"
317,1 it has all the features an amatuer photo-enthusiast would want . ,complex_sentence,feature[+2],"[('it has all the features an amatuer photo-enthusiast', 'DC'), ('would want', 'IC')]"
318,2 it is easy enough for my grandmother to use . ,simple_sentence,use[+2],"[('it is easy enough for my grandmother to use', 'IC')]"
319,3 it is very compact but the controls are so well designed that they 're still easy to use . ,complex_sentence,"size[+2][u],control[+2]","[('it is very compact but the controls', 'DC'), ('are so well designed', 'IC'), ('that they still easy to use', 'DC')]"
320,4 it has optional lenses like wide angles and extra zooms . ,simple_sentence,,"[('it has optional lenses like wide angles and extra zooms', 'IC')]"
321,"5 for "" digital film "" it uses compact flash cards , which are easy to find , cheap , reliable and supported by many other devices you may have at hoome . ",complex_sentence,,"[('you may have at hoome', 'DC'), ('for digital film it uses compact flash cards cheap reliable and supported by many other devices', 'IC')]"
322,6 the nikon coolpix line is a well-established line so you know support and parts are going to be available even when nikon releases a newer model . ,complex_sentence,nikon support[+1],"[('the nikon coolpix line is a well-established line', 'DC'), ('so you know support and parts', 'DC'), ('are going to be available', 'IC'), ('even when nikon releases a newer model', 'DC')]"
323,7 picture quality is excellent . ,simple_sentence,picture quality[+2],"[('picture quality is excellent', 'IC')]"
324,8 battery life is excellent . ,simple_sentence,battery life[+2],"[('battery life is excellent', 'IC')]"
325,9 3x built-in optical zoom is a lot for this price range . ,simple_sentence,optical zoom[+2],"[('built-in optical zoom is a lot for this price range', 'IC')]"
326,10 great price for all the features . ,phrase,price[+2],"[('10 great price for all the features . ', 'Phrase')]"
327,here 's what you may miss or be annoyed by with this camera : ,phrase,,"[('what you may miss or be annoyed by with this camera', 'DC')]"
328,1 no direct firewire to the camera . ,phrase,firewire[-1],"[('1 no direct firewire to the camera . ', 'Phrase')]"
329,"there is usb , though . ",simple_sentence,,"[('there is usb though', 'IC')]"
330,"2 the camera is so small that when you attach some lenses i have the 19mm wide-angle -- wc-e 68 , the optical viewfinder is partially obscured . ",complex_sentence,viewfinder[-1],"[('the camera is so small', 'IC'), ('when you attach some lenses', 'DC'), ('that the optical viewfinder is partially obscured', 'DC'), ('that the optical viewfinder is partially obscured', 'DC'), ('i have the mm wide-angle wc-e', 'DC')]"
331,"this does n't affect the picture , of course . ",simple_sentence,,"[(""this does n't affect the picture of course"", 'IC')]"
332,you just have to use the lcd viewfinder to see the whole picture . ,simple_sentence,,"[('you just have to use the lcd viewfinder to see the whole picture', 'IC')]"
333,it 's no problem for me personally . ,simple_sentence,,"[('it no problem for me personally', 'IC')]"
334,3 battery has to be removed to recharge . ,simple_sentence,,"[('battery has to be removed to recharge', 'IC')]"
335,"4 an ac adapter for powering the camera while the battery 's out is not included , although one can be purchased separately . ",complex_sentence,,"[('although one can be purchased separately', 'DC'), ('an ac adapter for powering the camera while the battery out is not included', 'IC')]"
336,5 two different adapters -- ur-e 4 and ur-e 7 -- are required for some attachment lenses . ,simple_sentence,,"[('two different adapters ur-e and ur-e are required for some attachment lenses', 'IC')]"
337,"most of these "" annoyances "" , though , are comparable to what you 'll find on other cameras in this price range . ",complex_sentence,,"[('most of these annoyances though are comparable to', 'IC'), ('what you find on other cameras in this price range', 'DC')]"
338,"i am new to the whole digital camera thing ; well , new to the whole camera thing period , really . ",simple_sentence,,"[('i am new to the whole digital camera thing well new to the whole camera thing period really', 'IC')]"
339,"this camera was affordable , very easy to learn , and produces spectacular images . ",simple_sentence,"price[+2][u],learn[+2],image[+3]","[('this camera was affordable very easy to learn and produces spectacular images', 'IC')]"
340,the auto-mode is good enough for most shots but the 4300 also boasts 12 versatile scene modes as well as a manual mode though i admit i have n't played with it too much on manual . ,compound_complex_sentence,"auto mode[+2],scene mode[+2],manual mode[+2]","[('the auto-mode is good enough for most shots', 'IC'), ('though i admit', 'DC'), (""i have n't played with it too much on manual"", 'DC'), ('the also boasts versatile scene modes as well as a manual mode', 'IC')]"
341,it 's size also makes it ideal for travel . ,complex_sentence,size[+2],"[('also makes it ideal for travel', 'DC'), ('it size', 'IC')]"
342,"overall the nikon 4300 is a very dependable , robust , and useful little camera . ",simple_sentence,camera[+3],"[('overall the nikon is a very dependable robust and useful little camera', 'IC')]"
343,awesome camera with huge print quality in a tiny package . ,phrase,"camera[+3], print quality[+3]","[('awesome camera with huge print quality in a tiny package . ', 'Phrase')]"
344,"the same 4mp chip from the 4500 camera , plus a 3x zoom with the ability to expand upon that with extenders , great closeup mode , long lasting rechargable battery , etc etc. ",simple_sentence,"closeup mode[+2], battery[+2]","[('the same chip from the camera plus a zoom with the ability to expand upon that with extenders great closeup mode long lasting rechargable battery etc etc.', 'IC')]"
345,"in my opinion it 's the best camera for the money if you 're looking for something that 's easy to use , small good for travel , and provides excellent , sharp images . ",complex_sentence,camera[+3],"[('in my opinion it the best camera for the money', 'IC'), ('if you looking for something that easy to use small good for travel and provides excellent sharp images', 'DC')]"
